date,ticker,abs_drift,abs_drift_rel,drift_chg_1,drift_chg_5,drift_slope_21,ret_1,vol_21,eq_bond_spread_21,ticker_VTI,ticker_VXUS,ticker_BND,y_absdrift_fwd_21
2025-09-30,BND,0.20064501431406728,2.0064501431406727,-0.03572461057779197,-0.014572099434759234,-2.9371967527947804,-0.00040320939088211993,4.0463568609791265,27.229206549942433,0,0,1,0.3971814215361316
2025-10-01,BND,0.2473079874071818,2.473079874071818,-0.04666297309311451,-0.08235175392406202,-2.9641957713908105,-0.0006723551151154306,3.4858379897374947,35.44659166037043,0,0,1,0.33139740962401104
2025-10-02,BND,0.251933284574736,2.51933284574736,-0.004625297167554221,-0.12629860068215093,-2.9295553660256575,0.0010764509066629735,3.3541509103900107,35.76259352132692,0,0,1,0.35007753261715735
2025-10-03,BND,0.28748012414209906,2.8748012414209905,-0.03554683956736304,-0.11418106014953466,-3.036024883788223,-0.001209730718269575,3.175336382864674,36.464661526733586,0,0,1,0.40333371501077436
2025-10-06,BND,0.33561784050177984,3.3561784050177983,-0.04813771635968078,-0.17069743676550453,-3.0904120297612243,-0.0022876890664849103,2.8404945857312422,47.593228966457666,0,0,1,0.28920944337601784
2025-10-07,BND,0.26825154521445543,2.6825154521445542,0.06736629528732441,-0.06760653090038815,-2.878659607921825,0.0018883111788638995,2.676444593103898,35.86511199934615,0,0,1,0.3584648693694861
2025-10-08,BND,0.3183191716097683,3.1831917160976833,-0.05006762639531287,-0.07101118420258651,-2.818678969105782,0.0,2.601231601833072,39.96170601000792,0,0,1,0.24602843700044785
2025-10-09,BND,0.2783741076514121,2.783741076514121,0.03994506395835623,-0.026440823076676057,-2.55067068015968,-0.0006730670864956156,2.5236744484110325,33.843628675202545,0,0,1,0.2690942402444024
2025-10-10,BND,0.013553853761333334,0.13553853761333334,0.26482025389007874,0.2739262703807657,-1.5871604291509096,0.003906685612533156,2.7871690489521197,-10.893228016313564,0,0,1,0.3922893002636374
2025-10-13,BND,0.13849616458734698,1.38496164587347,-0.12494231082601365,0.19712167591443286,-1.0315825408348454,0.0016103428876521608,2.8154483623778592,7.044612512607838,0,0,1,0.39731812531934585
2025-10-14,BND,0.12398708638898387,1.2398708638898386,0.014509078198363112,0.14426445882547156,-0.5399679223719572,0.0014737488109735075,2.7856810699020995,0.32187979242608017,0,0,1,0.41398856825564934
2025-10-15,BND,0.18366865774620406,1.8366865774620407,-0.05968157135722019,0.13465051386356425,-0.2196801555722532,-0.0006689371472616834,2.7956625204051924,9.327089527968766,0,0,1,0.3041163598069038
2025-10-16,BND,0.1166333847654008,1.1663338476540082,0.06703527298080325,0.16174072288601127,0.3103737645590354,0.003748412585417027,3.0065822451464896,-0.8474863881198686,0,0,1,0.31385127197403884
2025-10-17,BND,0.15413646675351278,1.5413646675351278,-0.037503081988111975,-0.14058261299217945,0.4915303377617287,-0.0013337703259301836,2.891517220433951,-4.185162238723274,0,0,1,0.2112282626068704
2025-10-20,BND,0.23654992366507754,2.365499236650775,-0.08241345691156476,-0.09805375907773056,0.41331484660637674,0.001335551645083255,2.913346305052235,7.854999259685467,0,0,1,0.1378459982627936
2025-10-21,BND,0.19715477920882324,1.9715477920882325,0.039395144456254305,-0.07316769281983937,0.2836560902858585,0.001200271190469282,2.8094208265998546,-4.93866044785323,0,0,1,0.1530200237810836
2025-10-22,BND,0.16361795517917666,1.6361795517917666,0.033536824029646584,0.0200507025670274,0.4414311296102506,0.0,2.758366318237373,-2.2143004152229038,0,0,1,0.004407612307134878
2025-10-23,BND,0.23598497300551385,2.3598497300551387,-0.0723670178263372,-0.11935158824011305,0.43170713998144306,-0.0019981554081349717,2.75650416542141,10.4844521961426,0,0,1,0.08147204687544846
2025-10-24,BND,0.281238512880351,2.81238512880351,-0.045253539874837156,-0.12710204612683823,0.438617730812046,0.0013347367400569077,2.719645487316773,21.987929129961525,0,0,1,0.16660882113090497
2025-10-27,BND,0.3632579131133226,3.6325791311332263,-0.0820194002329716,-0.12670798944824507,0.057978338571386095,0.0005332033766631827,2.7131020054208363,26.854023038933754,0,0,1,0.2365297888069634
2025-10-28,BND,0.36718313899026106,3.6718313899026107,-0.003925225876938443,-0.17002835978143782,-0.24349113789549579,0.0005329192223344492,2.612267107482681,28.518130931301975,0,0,1,0.2947865868188737
2025-10-29,BND,0.3971814215361316,3.971814215361316,-0.029998282545870558,-0.23356346635695496,-0.7049130720853236,-0.0049266993968715145,3.2013918656864906,27.79271774623541,0,0,1,0.3541557453006411
2025-10-30,BND,0.33139740962401104,3.3139740962401105,0.06578401191212058,-0.09541243661849719,-1.0551505395192142,-0.0017396611397373363,3.2601872074715614,12.42098769460713,0,0,1,0.37627047083342025
2025-10-31,BND,0.35007753261715735,3.5007753261715733,-0.01868012299314631,-0.06883901973680634,-1.455454382558287,-0.0002680515211181955,3.2469034832537433,14.357665887811288,0,0,1,0.3796526480699669
2025-11-03,BND,0.40333371501077436,4.0333371501077435,-0.05325618239361701,-0.040075801897451746,-2.1248278822140096,-0.004424803203977312,3.5857711762560953,16.84236553545899,0,0,1,0.40426735180585927
2025-11-04,BND,0.28920944337601784,2.892094433760178,0.11412427163475652,0.07797369561424322,-2.557028734801943,0.0005387328690551474,3.494657642150257,-5.376544625936401,0,0,1,0.4358046186319048
2025-11-05,BND,0.3584648693694861,3.584648693694861,-0.06925542599346829,0.03871655216664549,-2.9885559323689264,-0.002826747636084148,3.5712565190879175,13.355359256452944,0,0,1,0.46003410578863424
2025-11-06,BND,0.24602843700044785,2.4602843700044783,0.11243643236903827,0.08536897262356319,-3.2036905674271585,0.0039146990869238785,3.8362903269670254,-8.880948140742499,0,0,1,0.4498161737622963
2025-11-07,BND,0.2690942402444024,2.6909424024440245,-0.023065803243954575,0.08098329237275492,-3.3743470452649262,-0.0005378635746948746,3.8333177881385154,-0.2770630501431467,0,0,1,0.4459979625490926
2025-11-10,BND,0.3922893002636374,3.922893002636374,-0.12319506001923497,0.011044414747136966,-3.000042648267541,-0.0002691278349004067,3.5701786461085265,52.14753818979552,0,0,1,0.4938057279179245
2025-11-11,BND,0.39731812531934585,3.9731812531934585,-0.005028825055708452,-0.10810868194332801,-2.966680425307004,0.0028259869650388847,3.6684127467436336,35.92705336940374,0,0,1,0.5205847925363647
2025-11-12,BND,0.41398856825564934,4.139885682556494,-0.016670442936303487,-0.05552369888616321,-2.8512648708149215,-0.00040256012678796527,3.6259977194217385,40.19047784486833,0,0,1,0.46176323482589043
2025-11-13,BND,0.3041163598069038,3.0411635980690384,0.10987220844874551,-0.05808792280645597,-2.4971625674428397,-0.002953433038157316,3.7503535176349216,17.093029611904022,0,0,1,0.4498976612925046
2025-11-14,BND,0.31385127197403884,3.1385127197403886,-0.009734912167135013,-0.04475703172963641,-1.8951613908529343,-0.0014809880965209743,3.471071583568133,27.499792629490692,0,0,1,0.4011658750996461
2025-11-17,BND,0.2112282626068704,2.112282626068704,0.10262300936716845,0.181061037656767,-1.0288232872087641,0.0005392837669619954,3.476465058933979,8.4809567242488,0,0,1,0.320545102367753
2025-11-18,BND,0.1378459982627936,1.3784599826279358,0.0733822643440768,0.25947212705655226,-0.20017872936979442,0.0008086952891674937,3.447381645512749,-12.673352451024122,0,0,1,0.39908515413881324
2025-11-19,BND,0.1530200237810836,1.530200237810836,-0.015174025518290002,0.26096854447456574,0.6880872629066257,-0.00040396954529897666,3.3945896170499625,-5.281950213375807,0,0,1,0.42858446775251163
2025-11-20,BND,0.004407612307134878,0.04407612307134878,0.1486124114739487,0.29970874749976895,2.1666578010701922,0.0014817860162033014,3.462071794597865,-20.56731873698414,0,0,1,0.4706314849420634
2025-11-21,BND,0.08147204687544846,0.8147204687544846,-0.07706443456831358,0.23237922509859038,3.082632413200166,0.0024213117304665577,3.5524611758898366,-20.026619368208024,0,0,1,0.508278744433871
2025-11-24,BND,0.16660882113090497,1.6660882113090496,-0.08513677425545652,0.044619441475965416,3.5084497897012206,0.0017445637234150269,3.578276083152452,-14.670219279936259,0,0,1,0.5092982514588312
2025-11-25,BND,0.2365297888069634,2.365297888069634,-0.06992096767605843,-0.09868379054416981,3.374878535631817,0.0022772694637704927,3.675025967699664,-16.440105355704215,0,0,1,0.5147862700560946
2025-11-26,BND,0.2947865868188737,2.947865868188737,-0.058256798011910305,-0.14176656303779012,2.996020436293559,0.001069257302606319,3.6922388453649773,-8.983967608146463,0,0,1,0.47129313916125515
2025-11-28,BND,0.3541557453006411,3.541557453006411,-0.05936915848176738,-0.3497481329935062,2.2924696350158182,-0.0016021728189227202,3.306909123775687,-4.944472524379996,0,0,1,0.47127799754532046
2025-12-01,BND,0.37627047083342025,3.7627047083342022,-0.022114725532779156,-0.2947984239579718,1.738687990967922,-0.007087440330951211,4.093609573106811,7.096472433798784,0,0,1,0.4382618532651511
2025-12-02,BND,0.3796526480699669,3.796526480699669,-0.0033821772365466574,-0.21304382693906193,1.1215271961612627,0.0009427568326494384,4.113287098251767,4.996219789110068,0,0,1,0.5013543583185744
2025-12-03,BND,0.40426735180585927,4.042673518058592,-0.024614703735892363,-0.16773756299889586,0.24280812604653712,0.0014800943326593874,3.8420937840580573,1.064915947351608,0,0,1,0.5581722819637105
2025-12-04,BND,0.4358046186319048,4.358046186319048,-0.03153726682604552,-0.14101803181303108,-0.32919286993084446,-0.0018809537696414802,3.8997161592191216,21.04459477592289,0,0,1,0.6076131725880951
2025-12-05,BND,0.46003410578863424,4.600341057886342,-0.024229487156729457,-0.10587836048799315,-1.1807196515473548,-0.0012115219568713531,3.7906593684518803,14.886684361880368,0,0,1,0.5647013358242275
2025-12-08,BND,0.4498161737622963,4.498161737622963,0.010217932026337917,-0.07354570292887608,-1.5626647740752564,-0.0014824880711018507,3.5565198429516247,28.829018026226276,0,0,1,0.5830185914740493
2025-12-09,BND,0.4459979625490926,4.459979625490925,0.0038182112132037482,-0.06634531447912567,-1.948441390998214,-0.0006747931547367303,3.5585851109604008,25.14848752966175,0,0,1,0.6223888299039402
2025-12-10,BND,0.4938057279179245,4.938057279179245,-0.04780776536883191,-0.08953837611206522,-2.8741351734931184,0.0029713832790754235,3.7220834553508526,14.801850195299338,0,0,1,0.66704196067522
2025-12-11,BND,0.5205847925363647,5.205847925363647,-0.026779064618440207,-0.08478017390445991,-3.8720619622605805,0.0,3.5747407348146285,17.85072141599713,0,0,1,0.6335490612281738
2025-12-12,BND,0.46176323482589043,4.617632348258905,0.05882155771047426,-0.001729129037256194,-4.69783946482333,-0.0030972710788730318,3.716469875627075,7.397565680755045,0,0,1,0.6068174321088651
2025-12-15,BND,0.4498976612925046,4.498976612925046,0.011865573533385854,-8.148753020825739e-05,-5.075394631795281,0.001215776965679538,3.6196888033959658,20.74985075503171,0,0,1,0.6414204349609252
2025-12-16,BND,0.4011658750996461,4.01165875099646,0.048731786192858506,0.0448320874494465,-5.281482529256191,0.0018888206214333625,3.645108532688808,12.671646797803815,0,0,1,0.6533042336191813
2025-12-17,BND,0.320545102367753,3.20545102367753,0.08062077273189305,0.17326062555017147,-4.828328564633556,-0.0002693815228316243,3.6426612651953634,15.541845000464697,0,0,1,0.5386700164827187
2025-12-18,BND,0.39908515413881324,3.9908515413881323,-0.07854005177106022,0.12149963839755146,-4.332432484830899,-0.001212235189658406,3.6553498327237595,36.29608095225386,0,0,1,0.6131060393236965
2025-12-19,BND,0.42858446775251163,4.285844677525116,-0.029499313613698397,0.0331787670733788,-3.9019490459392814,-0.001483487634362013,3.6868423547769535,38.37808271055257,0,0,1,0.6567440006413933
2025-12-22,BND,0.4706314849420634,4.706314849420634,-0.04204701718955178,-0.020733823649558836,-2.985819463709189,-0.0002701819585843035,3.64063024662237,64.05713638095145,0,0,1,0.6589575632778801
2025-12-23,BND,0.508278744433871,5.0827874443387095,-0.03764725949180758,-0.10711286933422492,-2.316764340097517,-0.00013502441622814665,3.5139534593313817,58.93726322817603,0,0,1,0.6846603389233972
2025-12-24,BND,0.5092982514588312,5.0929825145883125,-0.0010195070249602312,-0.1887531490910782,-1.817180794751821,0.0024321078230000737,3.5725486831577036,47.511014694381174,0,0,1,0.756028258299192
2025-12-26,BND,0.5147862700560946,5.147862700560946,-0.005488018597263333,-0.11570111591728133,-1.4744955239780977,0.0,3.4512397769203007,38.73618243514194,0,0,1,0.7435055125380424
2025-12-29,BND,0.47129313916125515,4.7129313916125515,0.043493130894839416,-0.042708671408743515,-1.108221790829446,0.0014826877844955622,3.4763018124122613,24.680032400028832,0,0,1,0.7372022695852367
2025-12-30,BND,0.47127799754532046,4.712779975453205,1.5141615934688435e-05,-0.0006465126032570434,-0.8972429881668023,-0.00040385474372728325,3.4479145563707325,16.5166039131011,0,0,1,0.6661376764158524
2025-12-31,BND,0.4382618532651511,4.382618532651511,0.03301614428016936,0.0700168911687199,-0.6197584059448906,-0.002692836371103513,2.5913394363459004,8.917119992090413,0,0,1,0.749805480689894
2026-01-02,BND,0.5013543583185744,5.0135435831857444,-0.06309250505342334,0.007943893140256786,-0.5398589432604247,-0.00040500579749525034,2.5639811555911565,17.249324738445317,0,0,1,0.712204454400947
2026-01-05,BND,0.5581722819637105,5.581722819637105,-0.05681792364513605,-0.04338601190761593,-0.6937608521236082,0.0018908615331887368,2.6011405012844304,21.82133985247927,0,0,1,0.687395652531607
2026-01-06,BND,0.6076131725880951,6.076131725880951,-0.049440890624384615,-0.13632003342683996,-1.0717418411222417,0.0,2.5247272131601615,24.443658775349956,0,0,1,0.543256071937076
2026-01-07,BND,0.5647013358242275,5.647013358242275,0.04291183676386756,-0.09342333827890709,-1.3407162804058341,0.0010784824848417696,2.518812944779369,15.05317029851954,0,0,1,0.7227694386126513
2026-01-08,BND,0.5830185914740493,5.830185914740493,-0.018317255649821784,-0.14475673820889823,-1.5986428321795563,-0.0017506716815601786,2.5408506097075354,19.0409673703984,0,0,1,0.7867128962391932
2026-01-09,BND,0.6223888299039402,6.223888299039402,-0.03937023842989085,-0.12103447158536573,-1.9277945923347337,0.002158419911475251,2.630241341183792,25.143237181261885,0,0,1,0.7556454669557094
2026-01-12,BND,0.66704196067522,6.670419606752201,-0.04465313077127986,-0.10886967871150954,-2.5164301066628862,-0.0009422492120280124,2.4464828781115435,24.75055413313152,0,0,1,0.7899994693535889
2026-01-13,BND,0.6335490612281738,6.335490612281738,0.033492899447046254,-0.025935888640078675,-3.0354390305720074,0.0008083745298701484,2.463471324219616,16.28655749715886,0,0,1,0.6326421421099321
2026-01-14,BND,0.6068174321088651,6.068174321088651,0.02673162911930871,-0.04211609628463753,-3.219569069585378,0.0020194066820677925,2.2800651980332662,20.620938331768592,0,0,1,0.6279484525280752
2026-01-15,BND,0.6414204349609252,6.414204349609251,-0.03460300285206008,-0.058401843486875826,-3.4266654529038973,-0.001477906891045877,2.327875420352458,27.17532643502656,0,0,1,0.629752086816622
2026-01-16,BND,0.6533042336191813,6.533042336191813,-0.011883798658256173,-0.030915403715241152,-3.435330221628869,-0.0016146763599944602,2.3105277082762656,35.591117498007215,0,0,1,0.6775406060043219
2026-01-20,BND,0.5386700164827187,5.386700164827187,0.1146342171364626,0.1283719441925013,-2.6990436052711377,-0.0036387689241380583,2.626360872925332,30.616165367057803,0,0,1,0.6590855299048168
2026-01-21,BND,0.6131060393236965,6.1310603932369645,-0.07443602284097772,0.020443021904477332,-2.415918218560022,0.002840512425345665,2.7987215339833034,30.307917556852047,0,0,1,0.7292647427812924
2026-01-22,BND,0.6567440006413933,6.567440006413933,-0.043637961317696816,-0.04992656853252819,-2.3110521118663554,0.00040462340900782046,2.7490253860876828,32.34217989864896,0,0,1,0.6339126884609136
2026-01-23,BND,0.6589575632778801,6.589575632778802,-0.0022135626364868655,-0.017537128316954975,-2.289796153124409,0.001078627922741271,2.766720096336075,26.738758459782908,0,0,1,0.7005648117650185
2026-01-26,BND,0.6846603389233972,6.846603389233971,-0.02570277564551704,-0.03135610530421584,-2.425927473167967,0.0012120718907828731,2.7885509837783706,25.130696503947377,0,0,1,0.7722829477677149
2026-01-27,BND,0.756028258299192,7.5602825829919205,-0.07136791937579479,-0.21735824181647323,-2.7408595156950177,-0.0008070697006904437,2.687744781960241,35.071483210098314,0,0,1,0.7301951300179008
2026-01-28,BND,0.7435055125380424,7.4350551253804245,0.012522745761149534,-0.13039947321434597,-2.954221552728079,-0.00040386079415544174,2.6925004870655247,32.56233156165114,0,0,1,0.6804662719698942
2026-01-29,BND,0.7372022695852367,7.372022695852368,0.00630324295280571,-0.08045826894384345,-2.9165261818713186,0.00013470890546085634,2.6414941076511087,37.6585258394536,0,0,1,0.6952212492287959
2026-01-30,BND,0.6661376764158524,6.661376764158525,0.0710645931693843,-0.007180113137972288,-2.560444932322129,-0.00040396954529897666,2.641496186283568,27.747505324933464,0,0,1,0.5448018511019281
2026-02-02,BND,0.749805480689894,7.49805480689894,-0.08366780427404164,-0.06514514176649688,-2.295193338583062,-0.004310921195645245,2.894786548779683,44.234204207931306,0,0,1,0.6200491175490583
2026-02-03,BND,0.712204454400947,7.12204454400947,0.037601026288947015,0.04382380389824492,-2.032048731835727,0.0002705539450089667,2.895317866704357,29.964664688527964,0,0,1,0.5433187658845401
2026-02-04,BND,0.687395652531607,6.873956525316069,0.02480880186934009,0.056109860006435475,-1.8230350606409924,-0.0004057727468286254,2.80738542187206,18.404092135244497,0,0,1,0.4493334960675388
2026-02-05,BND,0.543256071937076,5.432560719370761,0.1441395805945309,0.19394619764816068,-1.2793212410165316,0.004330171694409968,3.213459424897483,-8.857241624972636,0,0,1,0.5103728955843669
2026-02-06,BND,0.7227694386126513,7.227694386126513,-0.17951336667557527,-0.056631762196798885,-1.1878835269947479,0.00013476335308482135,3.1911254646790788,22.798799341079157,0,0,1,0.5303450776437096
2026-02-09,BND,0.7867128962391932,7.867128962391931,-0.06394345762654186,-0.036907415549299105,-1.319039225559826,0.0002693876082728863,3.12899106957531,29.274594260193567,0,0,1,0.5609613067231983
2026-02-10,BND,0.7556454669557094,7.556454669557095,0.031067429283483716,-0.043441012554762404,-1.4236945479006622,0.0029629794034091717,3.2077855545543827,19.15941558163472,0,0,1,0.44230263295440136
2026-02-11,BND,0.7899994693535889,7.899994693535889,-0.034354002397879446,-0.10260381682198194,-1.7570101613820006,-0.0020142543765288012,3.2732238010444914,17.609798370857945,0,0,1,0.3911939727654551
2026-02-12,BND,0.6326421421099321,6.326421421099321,0.1573573272436568,-0.08938607017285605,-1.4172048379371782,0.004574865025313457,3.6222730888760526,-0.09881526770794341,0,0,1,0.47482560048829336
2026-02-13,BND,0.6279484525280752,6.279484525280751,0.004693689581856897,0.09482098608457612,-0.966542953258338,0.0029466056860139034,3.693034938946084,3.017953913342273,0,0,1,0.4892094350726378
2026-02-17,BND,0.629752086816622,6.29752086816622,-0.001803634288546796,0.15696080942257118,-0.6389487657399769,-0.00013347365387994525,3.640956403278418,-1.5484727398587446,0,0,1,0.3937759954261613
2026-02-18,BND,0.6775406060043219,6.775406060043218,-0.047788519187699885,0.07810486095138758,-0.5135482232096572,-0.0010685431831153336,3.6085260024512413,3.599477370294445,0,0,1,0.37032224862857677
2026-02-19,BND,0.6590855299048168,6.590855299048168,0.01845507609950503,0.13091393944877205,0.09095705177806632,0.0004011068181528632,3.2998419444107605,17.0120470230533,0,0,1,0.2532158739755333
2026-02-20,BND,0.7292647427812924,7.292647427812923,-0.07017921287647555,-0.0966226006713603,0.2390423403827425,-0.0001336826553229864,3.2016016807100223,16.35388030280023,0,0,1,0.3627611359421176
2026-02-23,BND,0.6339126884609136,6.339126884609136,0.09535205432037874,-0.0059642359328384575,0.5793420182261803,0.0021388005257458875,3.2557429694289923,-3.461779776584928,0,0,1,0.3427090887379497
2026-02-24,BND,0.7005648117650185,7.005648117650185,-0.06665212330410486,-0.07081272494839652,0.68699346842034,-0.0005335589552624143,3.2683273135458566,5.826324514041617,0,0,1,0.38849479198973663
2026-02-25,BND,0.7722829477677149,7.7228294776771484,-0.07171813600269639,-0.09474234176339302,0.48226249581739783,-0.0002668709860531582,3.264243579518093,12.407313061776247,0,0,1,0.26588487510084413
2026-02-26,BND,0.7301951300179008,7.301951300179008,0.04208781774981407,-0.07110960011308398,0.187384603701972,0.0014683350097426384,3.2563863117071956,-3.710524161812722,0,0,1,0.1269166497241625
2026-02-27,BND,0.6804662719698942,6.804662719698943,0.04972885804800664,0.04879847081139821,0.09109193177930781,0.0019994872379505146,3.281068967825972,-9.132018192710234,0,0,1,0.053062813583198976
2026-03-02,BND,0.6952212492287959,6.95221249228796,-0.014754977258901736,-0.06130856076788227,-0.051245660285891524,-0.00705066904625562,4.2169716645678665,-5.610806451305183,0,0,1,0.3013167648221571
2026-03-03,BND,0.5448018511019281,5.448018511019281,0.15041939812686778,0.15576296066309037,0.5378775202848073,-0.0010718359017802825,4.236253263668427,-16.198667417127808,0,0,1,0.4055215450265881
2026-03-04,BND,0.6200491175490583,6.200491175490583,-0.0752472664471302,0.15223383021865655,0.5421529884701543,-0.0006705394849830792,3.922305907700948,-17.529922530617892,0,0,1,0.3750471677926026
2026-03-05,BND,0.5433187658845401,5.433187658845401,0.07673035166451825,0.18687636413336073,0.8890788061533895,-0.002281650697432691,4.030094925844672,-22.568675267984652,0,0,1,0.4323366281932889
2026-03-06,BND,0.4493334960675388,4.493334960675388,0.09398526981700128,0.23113277590235537,1.5762771191409144,-0.0013451503772825557,4.062842565018658,-32.06492485772952,0,0,1,0.42513452037129945
2026-03-09,BND,0.5103728955843669,5.103728955843669,-0.06103939951682813,0.18484835364442898,2.503744117793089,0.002828651542501559,3.901624200074364,-3.2862314978140628,0,0,1,0.6692592556523616
2026-03-10,BND,0.5303450776437096,5.303450776437097,-0.019972182059342702,0.014456773458218497,2.7117042857637776,-0.0030892644320583695,4.059871548363369,-26.192852942405274,0,0,1,0.688666557554074
2026-03-11,BND,0.5609613067231983,5.609613067231983,-0.030616229079488688,0.05908781082586001,2.527855186072645,-0.004446265502925373,4.339008836055423,-30.956836789046662,0,0,1,0.7020118296003006
2026-03-12,BND,0.44230263295440136,4.4230263295440135,0.11865867376879696,0.10101613293013872,2.7686123129306868,-0.0036540349884510714,4.331340262749996,-42.745791494424175,0,0,1,0.7648428883262184
2026-03-13,BND,0.3911939727654551,3.911939727654551,0.051108660188946275,0.05813952330208372,2.950645134748964,-0.0009508243984338582,4.3013867321239525,-54.494394587722816,0,0,1,0.8405741798243729
2026-03-16,BND,0.47482560048829336,4.748256004882934,-0.08363162772283828,0.03554729509607357,3.2942987556474894,0.003806917303590618,4.1942917174785554,-20.492580308765316,0,0,1,0.8868930596367702
2026-03-17,BND,0.4892094350726378,4.892094350726378,-0.014383834584344446,0.04113564257107183,3.5564509482106526,0.0020317150502333625,4.109895924297229,-17.800493550317018,0,0,1,0.9108580595834692
2026-03-18,BND,0.3937759954261613,3.937759954261613,0.09543343964647649,0.167185311297037,4.077998732800652,-0.004055191107661615,4.278201132557186,-31.198869746296744,0,0,1,0.9864765811197052
2026-03-19,BND,0.37032224862857677,3.7032224862857674,0.02345374679758455,0.0719803843258246,4.42772158757986,0.001085801177026724,4.3234251097650525,-41.264218962735875,0,0,1,0.9779257949454556
2026-03-20,BND,0.2532158739755333,2.532158739755333,0.11710637465304347,0.1379780987899218,5.1252102316948625,-0.00799896895604002,4.992030745641023,-54.23041386035244,0,0,1,0.9118892163706191
2026-03-23,BND,0.3627611359421176,3.6276113594211763,-0.10954526196658432,0.11206446454617575,5.081664203178272,0.0038266883463680124,5.265321360777765,-49.08329609947453,0,0,1,0.9796576899323908
2026-03-24,BND,0.3427090887379497,3.4270908873794967,0.020052047204167922,0.14650034633468811,5.325917207316741,-0.002586723211787212,5.179059706911074,-38.12708930266876,0,0,1,0.9423827990239414
2026-03-25,BND,0.38849479198973663,3.884947919897366,-0.045785703251786936,0.005281203436424686,5.087000430760296,0.0038219870479418994,5.450985606994503,-41.42798848937266,0,0,1,0.9889544813156612
2026-03-26,BND,0.26588487510084413,2.658848751008441,0.1226099168888925,0.10443737352773264,4.88887267098837,-0.005847162086246138,5.707877938687818,-68.18518957376682,0,0,1,1.0045020046061712
2026-03-27,BND,0.1269166497241625,1.269166497241625,0.13896822537668163,0.1262992242513708,5.129587501168811,0.0,5.6452855030123335,-81.03246080734034,0,0,1,0.9621797939419807
2026-03-30,BND,0.053062813583198976,0.5306281358319898,0.07385383614096352,0.30969832235891864,5.592707016064367,0.005060904711983394,5.956397883632869,-83.87445405824526,0,0,1,0.969846863651759
2026-03-31,BND,0.3013167648221571,3.013167648221571,-0.2482539512389581,0.04139232391579262,4.98915876748372,0.002177409164472399,5.639367810750782,-52.318628466558124,0,0,1,1.0804543876234098
2026-04-01,BND,0.4055215450265881,4.055215450265881,-0.10420478020443102,-0.017026753036851472,4.456888355694106,-0.002987523391180913,5.696772612655346,-17.5079385761555,0,0,1,1.1095867527483274
2026-04-02,BND,0.3750471677926026,3.750471677926026,0.030474377233985495,-0.10916229269175848,3.70873953789393,0.00217929264641481,5.785202139354528,-32.14170862803605,0,0,1,1.0934003281458826
2026-04-06,BND,0.4323366281932889,4.323366281932889,-0.057289460400686276,-0.3054199784691264,2.9691108057445876,-0.0014949797175071167,5.762619759414643,-13.726961992675296,0,0,1,1.1627982456993355
2026-04-07,BND,0.42513452037129945,4.251345203712995,0.007202107821989434,-0.3720717067881005,2.5537861048126866,0.0014972180280918845,5.797472172783238,-1.6514124683761473,0,0,1,1.272223646036491
2026-04-08,BND,0.6692592556523616,6.692592556523616,-0.2441247352810621,-0.36794249083020447,1.1159200915156104,0.00190268260620452,5.740714667095395,24.343613142403477,0,0,1,1.2244802852622443
2026-04-09,BND,0.688666557554074,6.88666557554074,-0.01940730190171247,-0.2831450125274859,-0.4050303971867601,0.00040692863266600376,5.666449568143542,24.537068361513505,0,0,1,1.2806675508139311
2026-04-10,BND,0.7020118296003006,7.020118296003005,-0.013345272046226597,-0.326964661807698,-2.027655366235878,-0.001491533699682246,5.483277807672076,22.076337773339198,0,0,1,1.3097695220481236
2026-04-13,BND,0.7648428883262184,7.648428883262184,-0.06283105872591777,-0.3325062601329295,-3.3836383585112975,0.0021727819586574437,5.385510383652696,47.49613842010133,0,0,1,1.2843416078413674
2026-04-14,BND,0.8405741798243729,8.40574179824373,-0.0757312914981545,-0.41543965945307343,-4.698084892059914,0.002439028424559009,5.428295129810081,65.45973275532725,0,0,1,1.3358784775155508
2026-04-15,BND,0.8868930596367702,8.868930596367703,-0.04631887981239735,-0.21763380398440868,-6.316911789894355,-0.0013517991210830749,5.298967338055948,60.780873356978006,0,0,1,1.3743689343158754
2026-04-16,BND,0.9108580595834692,9.108580595834692,-0.023964999946698984,-0.2221915020293952,-7.9311113954006425,-0.001488909237154501,5.272306201297976,62.30648493230794,0,0,1,1.2921689591831431
2026-04-17,BND,0.9864765811197052,9.864765811197051,-0.07561852153623594,-0.28446475151940454,-9.312164192387206,0.0039311499081462475,5.248955464956379,86.47994091470032,0,0,1,1.3056904360561659
2026-04-20,BND,0.9779257949454556,9.779257949454557,0.008550786174249536,-0.21308290661923723,-10.388040216367823,-0.0006750664867862799,5.249078497483872,88.5140906522453,0,0,1,1.274858042480613
2026-04-21,BND,0.9118892163706191,9.11889216370619,0.06603657857483647,-0.07131503654624627,-10.630681171821914,-0.003107733418386105,4.512119508761327,94.75176959000122,0,0,1,1.3351804360134167
2026-04-22,BND,0.9796576899323908,9.796576899323908,-0.06776847356177162,-0.09276463029562054,-11.272317358430051,0.0010843295253231133,4.346617556574406,89.65792560493466,0,0,1,1.3524513879470137
2026-04-23,BND,0.9423827990239414,9.423827990239413,0.037274890908449376,-0.03152473944047218,-11.519453917034976,-0.001760049449549439,4.2872191685027685,87.00097635612491,0,0,1,1.3652776961862554
2026-04-24,BND,0.9889544813156612,9.889544813156611,-0.04657168229171982,-0.002477900195956062,-11.887098459988756,0.0017631526854628987,4.13107479177867,87.55847387027555,0,0,1,1.432094457434638
2026-04-27,BND,1.0045020046061712,10.045020046061712,-0.015547523290510012,-0.02657620966071561,-11.670045497628433,-0.001624732542517937,3.572128945533157,106.38936339842671,0,0,1,1.4151037357795313
2026-04-28,BND,0.9621797939419807,9.621797939419807,0.04232221066419051,-0.05029057757136157,-10.575962770933078,-0.0002711777006468852,3.577292432786051,119.10251660235109,0,0,1,1.4365736869420997
2026-04-29,BND,0.969846863651759,9.69846863651759,-0.0076670697097782625,0.00981082628063179,-8.969779854871065,-0.004476421942353537,3.5363575283622426,130.2893486065258,0,0,1,1.4466903960893687
2026-04-30,BND,1.0804543876234098,10.8045438762341,-0.11060752397165086,-0.13807158859946844,-8.315468689422554,0.001498850133075269,3.489867052397755,112.45732203644036,0,0,1,1.4960481983825644
2026-05-01,BND,1.1095867527483274,11.095867527483275,-0.02913236512491757,-0.1206322714326662,-7.875791408759578,-0.0019047536006590038,3.3954065134165776,102.50352360316354,0,0,1,1.526928829282409
2026-05-04,BND,1.0934003281458826,10.934003281458827,0.016186424602444793,-0.08889832353971139,-7.044571208053319,-0.0034078516619412413,3.486348730532412,104.21783546506003,0,0,1,1.478237830704504
2026-05-05,BND,1.1627982456993355,11.627982456993355,-0.06939791755345293,-0.20061845175735482,-6.410829357966269,0.0017781049423157835,3.529429183527493,106.62155667196751,0,0,1,1.4960601722319748
2026-05-06,BND,1.272223646036491,12.722236460364911,-0.10942540033715553,-0.3023767823847321,-5.869849675613931,0.004232730707678378,3.8063414146987116,124.05296931995085,0,0,1,1.289032525111182
2026-05-07,BND,1.2244802852622443,12.244802852622442,0.04774336077424679,-0.14402589763883444,-5.7724715361521,-0.002583309769172204,3.8384043269806924,82.57847830025537,0,0,1,1.3297878417687994
2026-05-08,BND,1.2806675508139311,12.806675508139312,-0.05618726555168685,-0.17108079806560372,-5.746850693642583,0.0025900005428767248,3.9567416984257084,88.08368738083716,0,0,1,1.303433057538976
2026-05-11,BND,1.3097695220481236,13.097695220481237,-0.029101971234192447,-0.21636919390224096,-5.670970103872327,-0.0024473187995535106,4.011763290508575,90.68610428973443,0,0,1,1.187595358086757
2026-05-12,BND,1.2843416078413674,12.843416078413675,0.025427914206756164,-0.12154336214203187,-5.539382121477262,-0.002998517275009549,4.030864429516931,77.91464834597309,0,0,1,1.322084830714737
2026-05-13,BND,1.3358784775155508,13.358784775155508,-0.05153686967418336,-0.0636548314790597,-5.67799863273194,0.00041009950336445833,3.9090955714270357,74.72447865890005,0,0,1,1.3718566608113978
2026-05-14,BND,1.3743689343158754,13.743689343158755,-0.03849045680032459,-0.14988864905363108,-5.946713968675395,-0.00027325284207457834,3.8978337791033204,73.77455142813828,0,0,1,1.4918694123216683
2026-05-15,BND,1.2921689591831431,12.92168959183143,0.08219997513273225,-0.011501408369211985,-5.874505905560698,-0.005740920958392071,4.29668916625058,58.0100599207981,0,0,1,1.4395389167471655
2026-05-18,BND,1.3056904360561659,13.056904360561658,-0.013521476873022742,0.0040790859919577205,-5.993223308826931,-0.0006873167972443195,3.9586538077901063,48.910056529993824,0,0,1,1.3889436523649699
2026-05-19,BND,1.274858042480613,12.74858042480613,0.030832393575552786,0.009483565360754342,-5.876719015871354,-0.003301767576050385,4.0446775857377295,45.50844737938601,0,0,1,1.4460615632502907
2026-05-20,BND,1.3351804360134167,13.351804360134167,-0.060322393532803664,0.0006980415021340391,-5.623269554332519,0.0055210702930004185,4.553524107371229,64.0288952787866,0,0,1,1.4600009568900743
2026-05-21,BND,1.3524513879470137,13.524513879470138,-0.017270951933596956,0.021917546368861673,-5.531135350880746,0.0010981720347338353,4.554171724953302,56.69552952903351,0,0,1,1.2956515853369752
2026-05-22,BND,1.3652776961862554,13.652776961862553,-0.01282630823924169,-0.07310873700311227,-5.225633409351825,0.0009598203007172845,4.564275861162219,64.03733070970866,0,0,1,1.2568704397540071
2026-05-26,BND,1.432094457434638,14.320944574346377,-0.06681676124838254,-0.12640402137847206,-5.167076748801006,0.002876699787296655,4.648441023172876,67.42414131448346,0,0,1,1.28000161703411
2026-05-27,BND,1.4151037357795313,14.151037357795312,0.016990721655106622,-0.14024569329891823,-4.964431603113716,0.0009561493743970306,4.649910651312144,62.539359275428254,0,0,1,1.2276354950187751
2026-05-28,BND,1.4365736869420997,14.365736869420997,-0.021469951162568446,-0.10139325092868301,-4.546172066841625,0.0019104720521363472,4.7122485956773925,72.05302592807735,0,0,1,1.3083062914428123
2026-05-29,BND,1.4466903960893687,14.466903960893687,-0.01011670914726892,-0.09423900814235497,-4.033742208862149,0.000544823161603647,4.450500024858799,72.42948774986814,0,0,1,1.3994657076106587
2026-06-01,BND,1.4960481983825644,14.960481983825643,-0.04935780229319575,-0.13077050219630904,-3.923374338934372,-0.0038115815789065977,4.609879781894335,63.730468441734104,0,0,1,1.3961231636183735
2026-06-02,BND,1.526928829282409,15.26928829282409,-0.030880630899844608,-0.0948343718477711,-3.882656854939011,0.00027325284207457834,4.570188220236263,64.11219071705042,0,0,1,1.3932953836160722
2026-06-03,BND,1.478237830704504,14.782378307045041,0.04869099857790493,-0.0631340949249728,-3.4891367917645,-0.0019125600476107563,4.461893411675767,58.99163465782983,0,0,1,1.4721392233506005
2026-06-04,BND,1.4960601722319748,14.96060172231975,-0.017822341527470753,-0.0594864852898751,-3.2771070071053403,0.0013688216104226214,4.443222878520241,51.45965108542123,0,0,1,1.427268356628328
2026-06-05,BND,1.289032525111182,12.89032525111182,0.2070276471207928,0.15765787097818662,-2.673954355560471,-0.004510686365993166,4.413992034829175,4.080814591048744,0,0,1,1.4177126649874208
2026-06-08,BND,1.3297878417687994,13.297878417687995,-0.040755316657617335,0.16626035661376504,-2.0269801417625852,-0.00027467076696419124,4.3462997294706085,17.20083229927521,0,0,1,1.4629352160614868
2026-06-09,BND,1.303433057538976,13.03433057538976,0.02635478422982329,0.22349577174343294,-1.4612401293779538,0.002197550713837204,4.314809132871007,4.765592355740501,0,0,1,1.5001627898390462
2026-06-10,BND,1.187595358086757,11.87595358086757,0.115837699452219,0.290642472617747,-0.6148296946096193,-0.0008222222501036436,4.252666857045434,-16.927385670180286,0,0,1,1.440126916723096
2026-06-11,BND,1.322084830714737,13.22084830714737,-0.13448947262797994,0.1739753415172378,-0.155468377147362,0.005760501273484042,4.618061383279889,7.14971095248354,0,0,1,1.4653880871728073
2026-06-12,BND,1.3718566608113978,13.718566608113978,-0.04977183009666075,-0.08282413570021574,-0.03084347757058873,-0.0012273825860869003,4.63993379390847,6.9616969309373165,0,0,1,1.4802763043042315
2026-06-15,BND,1.4918694123216683,14.918694123216683,-0.12001275151027047,-0.16208157055286887,-0.4237168033304616,0.0008192953268497671,4.645979738809275,19.574391896602005,0,0,1,1.4267248847468272
2026-06-16,BND,1.4395389167471655,14.395389167471656,0.052330495574502756,-0.1361058592081894,-0.3129585768657505,0.001500690392521431,4.150654183246793,23.769393887166157,0,0,1,1.3489370749786664
2026-06-17,BND,1.3889436523649699,13.889436523649698,0.05059526438219564,-0.20134829427821277,-0.037718304554980986,-0.0036780310447022124,4.3761669461344,14.001037955283962,0,0,1,1.3480350104122365
2026-06-18,BND,1.4460615632502907,14.460615632502908,-0.05711791088532081,-0.12397673253555364,0.18902695429274402,0.0027344401136335517,4.248309499841996,27.461717521054318,0,0,1,1.4543052015678417
2026-06-22,BND,1.4600009568900743,14.600009568900743,-0.013939393639783582,-0.08814429607867647,0.2098424431836656,-0.002726983340996747,3.9940047608422207,20.350256225913434,0,0,1,1.4594267903921736
2026-06-23,BND,1.2956515853369752,12.956515853369751,0.16434937155309903,0.19621782698469303,0.7451537438273902,0.001093817770335015,3.993880597118797,-6.829700287683058,0,0,1,1.3900531972375798
2026-06-24,BND,1.2568704397540071,12.56870439754007,0.03878114558296808,0.18266847699315836,1.342374769029016,0.00450699024246104,4.259965633765529,-14.685686825429118,0,0,1,1.3780801897230508
2026-06-25,BND,1.28000161703411,12.800016170341099,-0.023131177280102833,0.10894203533085989,1.5892703992379973,0.0006797473866602122,4.16337420047348,-21.45151899404869,0,0,1,1.3796072189729405
2026-06-26,BND,1.2276354950187751,12.276354950187752,0.05236612201533486,0.21842606823151556,2.018211543482962,0.0009510828298295859,4.163267259685529,-26.71035924746889,0,0,1,1.3544081133737784
2026-06-29,BND,1.3083062914428123,13.083062914428123,-0.08067079642403718,0.15169466544726196,2.0460919570589198,0.0005429742978357854,4.121538069146453,-17.750483217378527,0,0,1,1.2744517799151116
2026-06-30,BND,1.3994657076106587,13.994657076106588,-0.0911594161678464,-0.10381412227368347,1.698728883872249,-0.004069942017221884,4.37390810074646,-5.43207167820631,0,0,1,1.430415972039345
2026-07-01,BND,1.3961231636183735,13.961231636183735,0.003342543992285174,-0.13925272386436638,1.1698846372842346,-0.004767825719320662,4.489136835670021,-13.449785147239352,0,0,1,1.4725880648496115
2026-07-02,BND,1.3932953836160722,13.932953836160722,0.0028277800023013278,-0.11329376658196222,0.50695613376829,0.0006844108052113107,4.4954032469794605,-18.650250731877712,0,0,1,1.5724589790929944
2026-07-06,BND,1.4721392233506005,14.721392233506005,-0.07884383973452835,-0.24450372833182543,-0.281951831464955,0.0004103238824570976,4.446195153430243,0.893025025683391,0,0,1,1.6789278697551244
2026-07-07,BND,1.427268356628328,14.272683566283279,0.044870866722272584,-0.11896206518551566,-0.9904862381660862,-0.003965011183311384,4.627939960549865,-8.617110033749753,0,0,1,1.663012782449627
2026-07-08,BND,1.4177126649874208,14.177126649874209,0.009555691640907193,-0.018246957376762074,-0.9479539253832294,-0.0020590463832637074,4.413019853472083,20.86422520359982,0,0,1,1.671780700038368
2026-07-09,BND,1.4629352160614868,14.629352160614866,-0.04522255107406603,-0.06681205244311328,-1.1570259208843356,0.0017882378028855062,4.459253316683644,21.69948837686723,0,0,1,1.718279130810979
2026-07-10,BND,1.5001627898390462,15.001627898390463,-0.037227573777559364,-0.10686740622297397,-1.3495468254447498,-0.0008239075446884181,4.395456188527282,31.4426386265789,0,0,1,1.7313878871494839
2026-07-13,BND,1.440126916723096,14.401269167230959,0.06003587311595027,0.03201230662750465,-0.8668767007636975,-0.0037102742273127376,4.563647935242686,39.60449880304641,0,0,1,1.7147834583410306
2026-07-14,BND,1.4653880871728073,14.653880871728072,-0.025261170449711434,-0.03811973054447937,-0.866473524831875,0.002758578596443906,4.165380768028526,23.087857399717183,0,0,1,1.7412006631351173
2026-07-15,BND,1.4802763043042315,14.802763043042317,-0.014888217131424186,-0.06256363931681075,-1.0463564924400262,0.0016506568310790115,4.2130450039595,17.79180832043418,0,0,1,1.7578601521774095
2026-07-16,BND,1.4267248847468272,14.267248847468272,0.05355141955740428,0.03621033131465956,-1.446665191624892,-0.0001373542470802791,4.194860518750705,-8.93200849967965,0,0,1,1.7691595372520879
2026-07-17,BND,1.3489370749786664,13.489370749786664,0.0777878097681608,0.15122571486037972,-1.4269990539552126,0.0006867607943203957,4.159774820051806,-12.697271648819303,0,0,1,1.7673397868965353
2026-07-20,BND,1.3480350104122365,13.480350104122365,0.0009020645664299387,0.0920919063108594,-1.252506104938665,-0.002470495521107785,4.058009538783739,-5.068466321393833,0,0,1,1.6781214203165682
2026-07-21,BND,1.4543052015678417,14.543052015678418,-0.10627019115560521,0.01108288560496562,-1.64257004018845,-0.0022014813076161044,3.9522185852546126,2.358809375991207,0,0,1,1.6706752445021387
2026-07-22,BND,1.4594267903921736,14.594267903921738,-0.005121588824331891,0.020849513912057915,-2.0966244956600653,-0.0016546486864595922,3.8942213578055993,1.0779579736370406,0,0,1,1.6501213198255649
2026-07-23,BND,1.3900531972375798,13.900531972375799,0.0693735931545938,0.03667168750924743,-1.735416330501599,-0.0020718442364299205,3.8872893732806544,15.092796355355237,0,0,1,1.704083268470631
2026-07-24,BND,1.3780801897230508,13.780801897230507,0.01197300751452901,-0.029143114744384357,-1.165348689494958,0.0008304160358996171,3.460032071425733,19.135338451965875,0,0,1,1.658589619069617
2026-07-27,BND,1.3796072189729405,13.796072189729406,-0.0015270292498896776,-0.031572208560703974,-0.6436893298459234,0.0020744230527369734,3.567603327122809,15.929931784177192,0,0,1,1.6687303673836555
2026-07-28,BND,1.3544081133737784,13.544081133737784,0.025199105599162053,0.09989708819406329,0.1803513597055564,0.0024841334177487795,3.6964027965944593,19.976088553221157,0,0,1,1.6703646412488031
2026-07-29,BND,1.2744517799151116,12.744517799151117,0.07995633345866682,0.184975010477062,1.0170910820642995,-0.0035793245927191464,3.800652886676807,-4.3372395644243324,0,0,1,1.7095976675583755
2026-07-30,BND,1.430415972039345,14.30415972039345,-0.1559641921242334,-0.0403627748017652,1.0075207360273253,0.0005526515203819748,3.643424496928701,5.654705571407084,0,0,1,1.7048910446757506
2025-09-30,VTI,0.17360431989608127,0.2893405331601354,0.0018151675292288338,-0.01813252235570717,3.9605890113922726,0.0032711932260867105,7.3443352007945855,27.229206549942433,1,0,0,0.38861513873312825
2025-10-01,VTI,0.13553294682959738,0.22588824471599564,-0.03807137306648389,-0.0864464548953725,3.9548911265070235,0.003473760807553017,6.69651927525698,35.44659166037043,1,0,0,0.2535707070863702
2025-10-02,VTI,0.12989984998148518,0.21649974996914198,-0.005633096848112196,-0.07399983689966305,4.041420373365334,0.001457626521778277,6.647175190985323,35.76259352132692,1,0,0,0.39456318549542235
2025-10-03,VTI,0.015934121302252358,0.02655686883708726,-0.11396572867923283,-0.27326146971251575,4.1394953417788924,0.0005457796510432988,6.147294430849686,36.464661526733586,1,0,0,0.3965385613956096
2025-10-06,VTI,0.08034038584313619,0.13390064307189364,0.06440626454088383,-0.09144876652371625,3.807583131820511,0.003757887777033453,6.075207117507203,47.593228966457666,1,0,0,0.34336010104353276
2025-10-07,VTI,0.09522612691219567,0.1587102115203261,0.014885741069059488,-0.0783781929838856,3.0718826677821633,-0.004800568759732782,6.449733650810583,35.86511199934615,1,0,0,0.34002697518681346
2025-10-08,VTI,0.18326971399991177,0.3054495233331863,0.08804358708771609,0.04773676717031439,2.772504906700909,0.0066440218246701654,6.706573629992789,39.96170601000792,1,0,0,0.11393524056655391
2025-10-09,VTI,0.2626920805574695,0.4378201342624492,0.07942236655755774,0.13279223057598433,2.7089974584404484,-0.003465820514589213,6.91838233366045,33.843628675202545,1,0,0,0.13522277027600005
2025-10-10,VTI,0.011101620245723698,0.018502700409539496,-0.2515904603117458,-0.00483250105652866,1.7359759560776904,-0.02679494275393035,11.470134457536856,-10.893228016313564,1,0,0,0.2589012474574437
2025-10-13,VTI,0.10820012895785824,0.18033354826309705,0.09709850871213455,0.027859743114722058,1.167620059507169,0.015941594398421577,12.779657530816642,7.044612512607838,1,0,0,0.20467640516097507
2025-10-14,VTI,0.08966549874723784,0.14944249791206304,-0.018534630210620406,-0.005560628164957837,0.3671004797479386,-0.0003058945516045686,12.677559193826642,0.32187979242608017,1,0,0,0.14585232674863002
2025-10-15,VTI,0.04996634342794293,0.08327723904657156,-0.03969915531929491,-0.13330337057196884,-0.7868429278698323,0.004742582915365778,12.761053912814363,9.327089527968766,1,0,0,0.06549630052425925
2025-10-16,VTI,0.24448945455575188,0.4074824242595865,-0.2944557979836948,-0.5071815351132214,-2.9511103992911862,-0.00794815710558272,13.085097850761596,-0.8474863881198686,1,0,0,0.04595850055847395
2025-10-17,VTI,0.11177801885627892,0.18629669809379817,0.13271143569947297,-0.12287963910200261,-4.098948204949535,0.00469656147249542,13.00095191153024,-4.185162238723274,1,0,0,0.07310067821165722
2025-10-20,VTI,0.0308775046251486,0.051462507708581,0.08090051423113032,-0.13907763358300684,-4.083212641420367,0.011151923465305247,13.509331186069309,7.854999259685467,1,0,0,0.08106800315920148
2025-10-21,VTI,0.1316423945039613,0.21940399083993553,0.1625198991291099,0.041976895756723476,-3.311174160395717,-0.00012088999379411547,13.43410455934617,-4.93866044785323,1,0,0,0.04659321641348191
2025-10-22,VTI,0.029139847759762638,0.04856641293293773,-0.16078224226372395,-0.07910619118770557,-3.4222740753295144,-0.006074188581126738,13.4731692813266,-2.2143004152229038,1,0,0,0.10657858547999943
2025-10-23,VTI,0.031507070487979405,0.052511784146632344,0.06064691824774204,0.2759965250437313,-3.1552395477955377,0.006415372174815914,13.565841169869891,10.4844521961426,1,0,0,0.026601280189231247
2025-10-24,VTI,0.16037458401422233,0.2672909733570372,0.12886751352624293,0.27215260287050125,-2.4708700573945968,0.008156797709425456,13.621987379628575,21.987929129961525,1,0,0,0.24227642663643412
2025-10-27,VTI,0.28549214265052303,0.47582023775087173,0.1251175586363007,0.31636964727567163,-1.0586150289291907,0.011147407377533947,13.948034769652251,26.854023038933754,1,0,0,0.3172146433913503
2025-10-28,VTI,0.32165939008524935,0.5360989834754155,0.036167247434726324,0.19001699558128804,0.05175711576179066,0.0015411182839033533,13.933490358130445,28.518130931301975,1,0,0,0.3043886897467596
2025-10-29,VTI,0.38861513873312825,0.6476918978885471,0.0669557486478789,0.4177549864928909,1.3380424773190833,-0.0007102256052178291,13.941292935738392,27.79271774623541,1,0,0,0.36733555041852384
2025-10-30,VTI,0.2535707070863702,0.42261784514395034,-0.13504443164675806,0.2220636365983908,1.9775170596581628,-0.010748882101983548,14.533063351058562,12.42098769460713,1,0,0,0.36124661819197934
2025-10-31,VTI,0.39456318549542235,0.6576053091590373,0.14099247840905216,0.23418860148120002,3.0179145804188443,0.004011095873230008,14.576133082313039,14.357665887811288,1,0,0,0.3552527456162413
2025-11-03,VTI,0.3965385613956096,0.660897602326016,0.0019753759001872595,0.11104641874508658,3.5698293991173315,0.0011328315247243204,14.57602417506028,16.84236553545899,1,0,0,0.38096542544514556
2025-11-04,VTI,0.34336010104353276,0.5722668350725546,-0.05317846035207685,0.02170071095828341,4.055271550868071,-0.012090523246525153,15.201527500433034,-5.376544625936401,1,0,0,0.3908828165894218
2025-11-05,VTI,0.34002697518681346,0.5667116253113558,-0.003333125856719299,-0.04858816354631479,4.497486997003237,0.004280501204365406,15.156577137559301,13.355359256452944,1,0,0,0.395050387497331
2025-11-06,VTI,0.11393524056655391,0.1898920676109232,-0.22609173462025955,-0.1396354665198163,4.438602543314252,-0.011375940999105327,15.525021217083113,-8.880948140742499,1,0,0,0.37192282871252313
2025-11-07,VTI,0.13522277027600005,0.2253712837933334,0.02128752970944614,-0.2593404152194223,4.756497059064096,0.00218599517678264,15.50349907874482,-0.2770630501431467,1,0,0,0.3757900946798731
2025-11-10,VTI,0.2589012474574437,0.4315020790957395,0.12367847718144365,-0.13763731393816592,4.616971462716982,0.014632424924806209,12.921120578975753,52.14753818979552,1,0,0,0.3410471335054899
2025-11-11,VTI,0.20467640516097507,0.3411273419349584,-0.05422484229646862,-0.1386836958825577,4.568078232551591,0.0024482765250382066,11.881967655309126,35.92705336940374,1,0,0,0.3735693109260696
2025-11-12,VTI,0.14585232674863002,0.2430872112477167,-0.05882407841234505,-0.19417464843818344,4.229525137251795,0.0003574048986649814,11.872934467188616,40.19047784486833,1,0,0,0.24127203748479653
2025-11-13,VTI,0.06549630052425925,0.10916050087376543,-0.21134862727288928,-0.17943154109081316,3.0413651379002133,-0.017715661135472738,13.496344478723707,17.093029611904022,1,0,0,0.12463162078605317
2025-11-14,VTI,0.04595850055847395,0.0765975009307899,0.019537799965785307,-0.181181270834474,0.8986967532410258,-0.0001516119850615283,13.165369642021773,27.499792629490692,1,0,0,0.1430246152823611
2025-11-17,VTI,0.07310067821165722,0.12183446368609537,-0.027142177653183275,-0.3320019256691009,-0.9212987241409709,-0.010398329073244783,13.60844934918313,8.4809567242488,1,0,0,0.002273205992231464
2025-11-18,VTI,0.08106800315920148,0.13511333859866914,-0.007967324947544263,-0.28574440832017656,-2.48978729026061,-0.006770185046302224,13.151193099726232,-12.673352451024122,1,0,0,0.045304253647593384
2025-11-19,VTI,0.04659321641348191,0.0776553606891365,0.1276612195726834,-0.09925911033514812,-3.043022716438749,0.003269377443102961,13.230166883788213,-5.281950213375807,1,0,0,0.4840326532967065
2025-11-20,VTI,0.10657858547999943,0.17763097579999904,-0.15317180189348134,-0.04108228495574018,-4.644353791892304,-0.015924719304047597,14.135562176279937,-20.56731873698414,1,0,0,0.48183304749463973
2025-11-21,VTI,0.026601280189231247,0.04433546698205208,0.07997730529076819,0.0193572203692427,-5.742274087177518,0.01155883042456618,14.592044699737649,-20.026619368208024,1,0,0,0.4509095175590283
2025-11-24,VTI,0.24227642663643412,0.40379404439405686,0.26887770682566536,0.31537710484809134,-5.48269899934798,0.014947581957795997,15.301788371018747,-14.670219279936259,1,0,0,0.504265658654135
2025-11-25,VTI,0.3172146433913503,0.5286910723189171,0.07493821675491619,0.3982826465505518,-4.556906845347676,0.010710774272078227,15.25993868881953,-16.440105355704215,1,0,0,0.431918599522374
2025-11-26,VTI,0.3043886897467596,0.5073144829112659,-0.012825953644590715,0.2577954733332777,-3.553579264290998,0.006864158098987216,15.4686510908746,-8.983967608146463,1,0,0,0.3907067849085455
2025-11-28,VTI,0.36733555041852384,0.6122259173642064,0.06294686067176425,0.47391413589852327,-2.099347283120186,0.005591421790265949,15.60877959174498,-4.944472524379996,1,0,0,0.31879010753140813
2025-12-01,VTI,0.36124661819197934,0.6020776969866322,-0.006088932226544497,0.3878478983812106,-1.1422577941550351,-0.004906169630585877,15.235732141874411,7.096472433798784,1,0,0,0.22774759637168573
2025-12-02,VTI,0.3552527456162413,0.5920879093604021,-0.005993872575738024,0.1129763189798072,0.265752420829313,0.0011952246820872148,15.176381553267811,4.996219789110068,1,0,0,0.0402492802166976
2025-12-03,VTI,0.38096542544514556,0.6349423757419093,0.02571267982890424,0.06375078205379525,1.7774766093729357,0.004476810156180067,15.252061873042535,1.064915947351608,1,0,0,0.016594327930541386
2025-12-04,VTI,0.3908828165894218,0.6514713609823697,0.009917391144276255,0.08649412684266222,3.135922589947228,0.001574752742873553,14.590279182058005,21.04459477592289,1,0,0,0.11990948765032705
2025-12-05,VTI,0.395050387497331,0.6584173124955517,0.004167570907909202,0.027714837078807175,4.480510961283121,0.0013942900288028692,14.537750156202076,14.886684361880368,1,0,0,0.12441949243954253
2025-12-08,VTI,0.37192282871252313,0.6198713811875385,-0.023127558784807878,0.010676210520543794,4.921072932195188,-0.0029327830357125384,13.938487023692234,28.829018026226276,1,0,0,0.1288493729950435
2025-12-09,VTI,0.3757900946798731,0.6263168244664552,0.0038672659673499865,0.020537349063631805,5.366474932303609,-0.001010180142293815,13.950126839693718,25.14848752966175,1,0,0,0.14548677434653712
2025-12-10,VTI,0.3410471335054899,0.5684118891758165,-0.03474296117438325,-0.03991829193965568,6.06368088634046,0.007435386248438203,13.264342337042518,14.801850195299338,1,0,0,0.025791596833768526
2025-12-11,VTI,0.3735693109260696,0.6226155182101161,0.03252217742057972,-0.017313505663352213,6.645688474594257,0.0033654653968802073,13.284478292615983,17.85072141599713,1,0,0,0.07146930228110193
2025-12-12,VTI,0.24127203748479653,0.40212006247466087,-0.13229727344127307,-0.15377835001253448,6.53046027559984,-0.011416144227367475,13.924007518654216,7.397565680755045,1,0,0,0.11382709614797815
2025-12-15,VTI,0.12463162078605317,0.20771936797675528,-0.11664041669874337,-0.24729120792646997,5.246074475035206,-0.0019643551334639353,12.373851376213738,20.74985075503171,1,0,0,0.06213692764790446
2025-12-16,VTI,0.1430246152823611,0.23837435880393518,0.018392994496307935,-0.23276547939751202,4.029725263616518,-0.0028926766455289465,12.436829957776046,12.671646797803815,1,0,0,0.0764892590934485
2025-12-17,VTI,0.002273205992231464,0.0037886766537191066,-0.14075140929012964,-0.3387739275132584,2.1956353354514455,-0.010916359781050322,12.496097617098972,15.541845000464697,1,0,0,0.32034708850056104
2025-12-18,VTI,0.045304253647593384,0.07550708941265563,0.04303104765536192,-0.3282650572784762,0.4486769663767811,0.007680471139520639,12.417320797348037,36.29608095225386,1,0,0,0.2581139383665998
2025-12-19,VTI,0.4840326532967065,0.8067210888278442,0.43872839964911314,0.24276061581191,0.548421810160489,0.00891223172003941,12.679001376353963,38.37808271055257,1,0,0,0.24610870195229673
2025-12-22,VTI,0.48183304749463973,0.8030550791577329,-0.0021996058020667952,0.35720142670858657,-0.05082770222304835,0.004104469923865706,10.973111764544486,64.05713638095145,1,0,0,0.37890344227915485
2025-12-23,VTI,0.4509095175590283,0.7515158625983804,-0.030923529935611427,0.3078849022766672,-0.6559110329276358,0.0033175210217386564,10.481981118106019,58.93726322817603,1,0,0,0.35860448920461696
2025-12-24,VTI,0.504265658654135,0.8404427644235583,0.05335614109510667,0.5019924526619035,-0.27860468511330494,0.003424668333517067,9.4178951967047,47.511014694381174,1,0,0,0.5529927731613316
2025-12-26,VTI,0.431918599522374,0.71986433253729,-0.07234705913176098,0.3866143458747806,0.04617439101681902,-0.0006178399789964484,8.839870532752178,38.73618243514194,1,0,0,0.481372002866276
2025-12-29,VTI,0.3907067849085455,0.6511779748475759,-0.0412118146138285,-0.09332586838816104,0.15323294028679807,-0.003768359668785415,8.729912263956983,24.680032400028832,1,0,0,0.585987449142622
2025-12-30,VTI,0.31879010753140813,0.5313168458856803,-0.07191667737713736,-0.1630429399632316,0.223433801521086,-0.0015958170204368738,8.562834257185576,16.5166039131011,1,0,0,0.4069316180862925
2025-12-31,VTI,0.22774759637168573,0.37957932728614285,-0.0910425111597224,-0.22316192118734257,-0.009148894028686325,-0.007636575531252854,8.817695385421391,8.917119992090413,1,0,0,0.3527660635970764
2026-01-02,VTI,0.0402492802166976,0.067082133694496,-0.18749831615498813,-0.46401637843743737,-0.8309025002976005,0.0031020030989992176,8.872069756151928,17.249324738445317,1,0,0,0.5862918083635926
2026-01-05,VTI,0.016594327930541386,0.027657213217568977,-0.023654952286156217,-0.4153242715918326,-1.5348838356773744,0.007522817631539835,9.116787440320927,21.82133985247927,1,0,0,0.6839874845615102
2026-01-06,VTI,0.11990948765032705,0.1998491460838784,0.10331515971978567,-0.27079729725821844,-1.7477481407686102,0.006994437323816216,9.398438990329874,24.443658775349956,1,0,0,0.7968899774336569
2026-01-07,VTI,0.12441949243954253,0.2073658207325709,0.004510004789215483,-0.1943706150918656,-1.842637016169741,-0.0033996767127556504,9.493331596072421,15.05317029851954,1,0,0,0.7006777817286758
2026-01-08,VTI,0.1288493729950435,0.21474895499173918,0.004429880555500976,-0.09889822337664222,-1.9177958070917052,0.0002647459453035683,9.417605434814089,19.0409673703984,1,0,0,0.8351640053615106
2026-01-09,VTI,0.14548677434653712,0.24247795724422852,0.016637401351493608,0.10523749412983952,-1.8456184472173198,0.006644261629678461,9.631812917976495,25.143237181261885,1,0,0,0.9561439166842045
2026-01-12,VTI,0.025791596833768526,0.04298599472294755,-0.11969517751276859,0.00919726890322714,-2.2131217080648224,0.0018399675643772095,9.342959343118624,24.75055413313152,1,0,0,1.113742962204467
2026-01-13,VTI,0.07146930228110193,0.11911550380183655,0.045677705447333405,-0.04844018536922512,-2.212347160814105,-0.002011493000208975,9.329344617693135,16.28655749715886,1,0,0,1.333691955250338
2026-01-14,VTI,0.11382709614797815,0.1897118269132969,-0.18529639842908008,-0.23824658858752068,-3.1914942107821656,-0.003914226652523611,8.457243786901513,20.620938331768592,1,0,0,1.365274284166873
2026-01-15,VTI,0.06213692764790446,0.10356154607984076,0.051690168500073685,-0.19098630064294797,-4.304630851695964,0.003079143087884928,8.436082494663081,27.17532643502656,1,0,0,1.2955827827922484
2026-01-16,VTI,0.0764892590934485,0.12748209848908082,-0.014352331445544042,-0.22197603343998562,-5.337718646463123,-0.000584656326823696,8.34066260702682,35.591117498007215,1,0,0,1.227219334133911
2026-01-20,VTI,0.32034708850056104,0.5339118141676018,-0.24385782940711254,-0.34613868533432957,-7.598858143040115,-0.019716310169999418,10.268260059218337,30.616165367057803,1,0,0,1.2456675300950848
2026-01-21,VTI,0.2581139383665998,0.4301898972776663,0.062233150133961246,-0.3295832406477017,-9.397670856071148,0.011846860416702354,10.719241328237366,30.307917556852047,1,0,0,1.3206054907530795
2026-01-22,VTI,0.24610870195229673,0.4101811699204945,0.012005236414303067,-0.13228160580431858,-9.485288476859761,0.005279015618164129,10.445228621821627,32.34217989864896,1,0,0,1.5059688788705894
2026-01-23,VTI,0.37890344227915485,0.6315057371319248,-0.13279474032685812,-0.3167665146312504,-9.775662499820347,-0.0009094304662607966,10.382020844376838,26.738758459782908,1,0,0,1.4162845415836234
2026-01-26,VTI,0.35860448920461696,0.5976741486743615,0.020298953074537884,-0.28211523011116846,-9.830172412393804,0.004316423629437516,10.422637833567276,25.130696503947377,1,0,0,1.4034499363894781
2026-01-27,VTI,0.5529927731613316,0.9216546219355526,-0.1943882839567146,-0.2326456846607705,-10.063137222980366,0.0036253844364544374,10.430003064662497,35.071483210098314,1,0,0,1.4529066073004415
2026-01-28,VTI,0.481372002866276,0.8022866714437934,0.07162077029505554,-0.22325806449967622,-9.97741402114682,-0.0005535072901425853,10.429163240164295,32.56233156165114,1,0,0,1.5530284470780975
2026-01-29,VTI,0.585987449142622,0.9766457485710367,-0.104615446276346,-0.3398787471903253,-10.08277477918712,-0.0023026059760479223,10.365807893631205,37.6585258394536,1,0,0,1.1704861877640194
2026-01-30,VTI,0.4069316180862925,0.6782193634771543,0.1790558310563295,-0.02802817580713768,-9.543955741824883,-0.005024982259969724,10.522803976221594,27.747505324933464,1,0,0,0.7535473434042705
2026-02-02,VTI,0.3527660635970764,0.5879434393284606,0.05416555448921612,0.005838425607540554,-8.918457066039291,0.005608255633300807,10.244365388014932,44.234204207931306,1,0,0,0.7546606465966055
2026-02-03,VTI,0.5862918083635926,0.9771530139393211,-0.23352574476651622,-0.033299035202261074,-9.537274678066321,-0.0076792945528066925,10.643114074221458,29.964664688527964,1,0,0,0.521099699063643
2026-02-04,VTI,0.6839874845615102,1.1399791409358504,-0.09769567619791752,-0.20261548169523413,-10.355138598255945,-0.0047079772687373955,10.471098544254726,18.404092135244497,1,0,0,0.6707605111918147
2026-02-05,VTI,0.7968899774336569,1.328149962389428,-0.11290249287214671,-0.21090252829103484,-10.942205201805638,-0.012860328465678084,11.029154679778474,-8.857241624972636,1,0,0,0.7071544940968177
2026-02-06,VTI,0.7006777817286758,1.1677963028811265,0.09621219570498107,-0.29374616364238326,-10.90062063629221,0.02114404818103255,13.38412456669998,22.798799341079157,1,0,0,0.7853035138352227
2026-02-09,VTI,0.8351640053615106,1.3919400089358511,-0.1344862236328348,-0.4823979417644342,-11.01258166206249,0.004927332342395063,13.48574529151997,29.274594260193567,1,0,0,0.7611451328328633
2026-02-10,VTI,0.9561439166842045,1.5935731944736742,-0.12097991132269392,-0.3698521083206119,-11.145005485652236,-0.00245163092329026,13.320736748040444,19.15941558163472,1,0,0,0.757577788611552
2026-02-11,VTI,1.113742962204467,1.8562382703407783,-0.1575990455202625,-0.42975547764295685,-11.861250979267822,-0.0009654376361929451,13.306025982022845,17.609798370857945,1,0,0,0.7095254387682437
2026-02-12,VTI,1.333691955250338,2.22281992541723,-0.2199489930458709,-0.536801977816681,-12.759227191696988,-0.015989666546283643,14.385264367081874,-0.09881526770794341,1,0,0,0.8506225675564028
2026-02-13,VTI,1.365274284166873,2.2754571402781214,-0.03158232891653512,-0.6645965024381972,-13.966527463870046,0.0019046579335710856,14.3702664974122,3.017953913342273,1,0,0,0.8611115851772322
2026-02-17,VTI,1.2955827827922484,2.1593046379870806,0.06969150137462465,-0.4604187774307378,-14.353366089456413,0.0012476264231375822,14.32556726639603,-1.5484727398587446,1,0,0,0.8499988706950123
2026-02-18,VTI,1.227219334133911,2.0453655568898514,0.06836344865833732,-0.27107541744970653,-14.166749677831728,0.0052214056718311586,14.469844427728923,3.599477370294445,1,0,0,0.8752651445224968
2026-02-19,VTI,1.2456675300950848,2.076112550158475,-0.018448195961173752,-0.1319245678906178,-14.539565980519287,-0.001888806056788872,12.675120624440467,17.0120470230533,1,0,0,0.619081954610623
2026-02-20,VTI,1.3206054907530795,2.201009151255133,-0.07493796065799474,0.013086464497258365,-14.631879845403562,0.006150349085573659,12.174372309027689,16.35388030280023,1,0,0,0.8073344929380721
2026-02-23,VTI,1.5059688788705894,2.5099481314509826,-0.18536338811750985,-0.14069459470371637,-14.939038212607391,-0.011196983811700978,12.636493015904781,-3.461779776584928,1,0,0,0.7156186769766038
2026-02-24,VTI,1.4162845415836234,2.3604742359727053,0.08968433728696601,-0.12070175879137501,-15.0193312383121,0.008173334333473559,12.994186872348115,5.826324514041617,1,0,0,0.8630444027491357
2026-02-25,VTI,1.4034499363894781,2.339083227315797,0.012834605194145254,-0.17623060225556708,-14.646841245313531,0.007723814696461995,13.1940711079586,12.407313061776247,1,0,0,0.7939709009559093
2026-02-26,VTI,1.4529066073004415,2.421511012167403,-0.049456670910963396,-0.20723907720535673,-14.79199552341575,-0.003920066672112532,13.192102860999148,-3.710524161812722,1,0,0,1.1627121191285839
2026-02-27,VTI,1.5530284470780975,2.588380745130163,-0.10012183977765599,-0.23242295632501797,-14.713360838775566,-0.005051547093995801,13.292300598556714,-9.132018192710234,1,0,0,1.286689127032159
2026-03-02,VTI,1.1704861877640194,1.9508103129400323,0.38254225931407815,0.33548269110657003,-13.413526685036016,0.0010331673845569433,13.28769453636368,-5.610806451305183,1,0,0,1.2031132453553028
2026-03-03,VTI,0.7535473434042705,1.2559122390071176,0.4169388443597488,0.6627371981793528,-9.922005736123134,-0.009996414778456031,13.612888420285302,-16.198667417127808,1,0,0,1.218654097853633
2026-03-04,VTI,0.7546606465966055,1.2577677443276758,-0.0011133031923349357,0.6487892897928726,-6.126903940474178,0.007327290902147787,13.724971164305522,-17.529922530617892,1,0,0,1.0655196852356164
2026-03-05,VTI,0.521099699063643,0.8684994984394049,0.23356094753296253,0.9318069082367986,-2.2768035249027987,-0.0064756569549558884,13.652496325084579,-22.568675267984652,1,0,0,1.06583185551401
2026-03-06,VTI,0.6707605111918147,1.1179341853196911,-0.14966081212817173,0.8822679358862828,0.7138817999433229,-0.01366070338657921,14.334786372075401,-32.06492485772952,1,0,0,1.0698018414898591
2026-03-09,VTI,0.7071544940968177,1.1785908234946962,-0.036393982905003064,0.4633316936672016,3.1767844621565247,0.008659953186306302,14.01358174750856,-3.2862314978140628,1,0,0,1.2247547901865774
2026-03-10,VTI,0.7853035138352227,1.3088391897253713,-0.07814901973840493,-0.031756170430952135,5.700679626292468,-0.002303425321537822,11.745573702810894,-26.192852942405274,1,0,0,1.0633963949089997
2026-03-11,VTI,0.7611451328328633,1.2685752213881054,0.02415838100235934,-0.006484486236257858,7.848681454875693,-0.0008096294664131642,11.545657875180074,-30.956836789046662,1,0,0,1.1302410260793705
2026-03-12,VTI,0.757577788611552,1.26262964768592,0.0035673442213113304,-0.23647808954790905,9.550384272847026,-0.01596440091988649,12.615081988909363,-42.745791494424175,1,0,0,1.0244375292575492
2026-03-13,VTI,0.7095254387682437,1.1825423979470728,0.048052349843308306,-0.03876492757642902,10.778892721050859,-0.005458674285265475,12.667173472297454,-54.494394587722816,1,0,0,0.9646598786843041
2026-03-16,VTI,0.8506225675564028,1.417704279260671,-0.14109712878815905,-0.143468073459585,10.627022518033362,0.010210610868086833,12.30832849661216,-20.492580308765316,1,0,0,0.7391154161917268
2026-03-17,VTI,0.8611115851772322,1.4351859752953868,-0.010489017620829433,-0.07580807134200951,10.170247560888578,0.0033691977718999233,12.360845184892487,-17.800493550317018,1,0,0,0.6713711614437567
2026-03-18,VTI,0.8499988706950123,1.416664784491687,0.011112714482219843,-0.08885373786214901,9.835247033872768,-0.013764159511556295,13.112627321094319,-31.198869746296744,1,0,0,0.6332153853068401
2026-03-19,VTI,0.8752651445224968,1.4587752408708279,-0.025266273827484476,-0.11768735591094481,9.51776802958719,-0.0017789908343359695,12.879061764918287,-41.264218962735875,1,0,0,0.591040171604329
2026-03-20,VTI,0.619081954610623,1.0318032576843716,0.25618318991187383,0.09044348415762071,9.854501799376335,-0.01567111008252242,13.735778206590728,-54.23041386035244,1,0,0,0.3758878992452752
2026-03-23,VTI,0.8073344929380721,1.3455574882301202,-0.18825253832744915,0.04328807461833062,9.104624452249608,0.012018499555249695,14.340829725042855,-49.08329609947453,1,0,0,0.31016338639111574
2026-03-24,VTI,0.7156186769766038,1.1926977949610063,0.09171581596146838,0.14549290820062843,7.821743680472587,-0.0031154870847923677,13.975103872386397,-38.12708930266876,1,0,0,0.2005848122657028
2026-03-25,VTI,0.8630444027491357,1.4384073379152262,-0.147425725772532,-0.013045532054123399,6.122242107247343,0.006095678152574946,13.80429452683475,-41.42798848937266,1,0,0,0.23077172228899157
2026-03-26,VTI,0.7939709009559093,1.3232848349265156,0.06907350179322647,0.08129424356658754,4.5135815205085645,-0.01722283933149471,14.291591366225143,-68.18518957376682,1,0,0,0.15531186593292778
2026-03-27,VTI,1.1627121191285839,1.937853531880973,-0.3687412181726746,-0.5436301645179609,1.326908513130292,-0.020215902681440356,15.466548913670602,-81.03246080734034,1,0,0,0.1815879972486223
2026-03-30,VTI,1.286689127032159,2.144481878386932,-0.12397700790357513,-0.47935463409408685,-2.7175015150209907,-0.004503509146257412,15.46275826330783,-83.87445405824526,1,0,0,0.035502081375415884
2026-03-31,VTI,1.2031132453553028,2.0051887422588384,0.08357588167685615,-0.4874945683786991,-5.204608333245587,0.02929288083085213,19.23986172347373,-52.318628466558124,1,0,0,0.18820247771886844
2026-04-01,VTI,1.218654097853633,2.0310901630893885,-0.01554085249833026,-0.35560969510449736,-6.236715150221002,0.007574554079591733,19.347789851131147,-17.5079385761555,1,0,0,0.0825868795813034
2026-04-02,VTI,1.0655196852356164,1.7758661420593607,0.15313441261801675,-0.2715487842797071,-6.622022823139307,0.0016087722650681702,19.11032363739326,-32.14170862803605,1,0,0,0.009681453560062003
2026-04-06,VTI,1.06583185551401,1.7763864258566835,-0.0003121702783936975,0.0968802636145738,-6.069533291592504,0.004478569451807246,19.16413354219924,-13.726961992675296,1,0,0,0.058180126376206065
2026-04-07,VTI,1.0698018414898591,1.7830030691497651,-0.003969985975849077,0.21688728554229986,-5.889057261105728,0.000676489734275254,18.65303896054076,-1.6514124683761473,1,0,0,0.2457343545220647
2026-04-08,VTI,1.2247547901865774,2.0412579836442957,-0.15495294869671827,-0.021641544831274562,-6.214108911300338,0.025412591701371667,20.531812650349337,24.343613142403477,1,0,0,0.0395779162408294
2026-04-09,VTI,1.0633963949089997,1.7723273248483329,0.16135839527757767,0.15525770294463337,-6.124669908290385,0.005244231153681556,20.591663701391642,24.537068361513505,1,0,0,0.13692264413570632
2026-04-10,VTI,1.1302410260793705,1.8837350434656175,-0.06684463117037076,-0.06472134084375414,-6.075850932735754,-0.0011925008183204522,20.59482156410045,22.076337773339198,1,0,0,0.06508284161332867
2026-04-13,VTI,1.0244375292575492,1.7073958820959152,0.10580349682182133,0.04139432625646089,-5.549032887541273,0.010804434462485357,20.004109597356287,47.49613842010133,1,0,0,0.1517984106287229
2026-04-14,VTI,0.9646598786843041,1.6077664644738403,0.05977765057324502,0.10514196280555499,-4.568063886816448,0.011751794699707663,20.125613141350282,65.45973275532725,1,0,0,0.08792785372923051
2026-04-15,VTI,0.7391154161917268,1.2318590269862115,0.2255444624925773,0.4856393739948506,-3.274645311167996,0.0075587228484617075,20.017142796073255,60.780873356978006,1,0,0,0.2786813308086833
2026-04-16,VTI,0.6713711614437567,1.1189519357395947,0.06774425474797008,0.392025233465243,-1.8343571163328405,0.002288288052567644,20.013409330161284,62.30648493230794,1,0,0,0.42818984965499185
2026-04-17,VTI,0.6332153853068401,1.0553589755114001,0.038155776136916675,0.4970256407725304,-0.29169443262499983,0.013004652821647866,19.454260946947958,86.47994091470032,1,0,0,0.3126051045717504
2026-04-20,VTI,0.591040171604329,0.9850669526738817,0.042175213702511094,0.4333973576532202,1.227185068645421,-0.0009129242157109863,19.426780651266384,88.5140906522453,1,0,0,0.34154732764705154
2026-04-21,VTI,0.3758878992452752,0.6264798320754588,0.21515227235905376,0.5887719794390289,4.2733548592216195,-0.006767354373130474,18.540232716897503,94.75176959000122,1,0,0,0.27891605787228047
2026-04-22,VTI,0.31016338639111574,0.5169389773185262,0.06572451285415948,0.4289520298006111,6.779474729077235,0.009717125455375175,18.431553519221268,89.65792560493466,1,0,0,0.24127680488823522
2026-04-23,VTI,0.2005848122657028,0.334308020442838,0.10957857412541294,0.47078634917805395,9.809594132934295,-0.004043088157846819,18.478683546154812,87.00097635612491,1,0,0,0.37406944734185155
2026-04-24,VTI,0.23077172228899157,0.3846195371483193,-0.03018691002328877,0.4024436630178485,12.044797857494148,0.006432247222752041,18.484226037978694,87.55847387027555,1,0,0,0.1698768428258779
2026-04-27,VTI,0.15531186593292778,0.258853109888213,0.07545985635606378,0.4357283056714012,14.567554484793382,0.0013634739468033619,16.863872552654747,106.38936339842671,1,0,0,0.21530366140428692
2026-04-28,VTI,0.1815879972486223,0.3026466620810372,-0.026276131315694506,0.19429990199665292,15.474270838368046,-0.00538959493678115,14.748612666733813,119.10251660235109,1,0,0,0.32349016029100675
2026-04-29,VTI,0.035502081375415884,0.05917013562569314,0.1460859158732064,0.27466130501569985,16.092822224966227,-0.0011978821603552126,14.510112774366013,130.2893486065258,1,0,0,0.3620015622967099
2026-04-30,VTI,0.18820247771886844,0.3136707961981141,-0.15270039634345256,0.01238233454683435,16.105434736275953,0.01133605927177661,11.918334174539002,112.45732203644036,1,0,0,0.3823662138450201
2026-05-01,VTI,0.0825868795813034,0.13764479930217233,0.10561559813756505,0.14818484270768817,16.07576705914497,0.0031340445312977305,11.884952396756086,102.50352360316354,1,0,0,0.30129670260253816
2026-05-04,VTI,0.009681453560062003,0.01613575593343667,0.0922683331413654,0.1649933194929898,16.525638028295575,-0.0036871218640760484,12.18718851118861,104.21783546506003,1,0,0,0.3241657136751841
2026-05-05,VTI,0.058180126376206065,0.09696687729367678,-0.06786157993626807,0.12340787087241623,16.40269087586644,0.00850324638292399,12.274621459554492,106.62155667196751,1,0,0,0.3955520387000311
2026-05-06,VTI,0.2457343545220647,0.4095572575367745,-0.18755422814585865,-0.21023227314664883,15.325662128711311,0.013641825402415986,12.586419235002708,124.05296931995085,1,0,0,0.4817760709213581
2026-05-07,VTI,0.0395779162408294,0.06596319373471568,0.2061564382812353,0.14862456147803904,14.096408225069624,-0.0045873354660049825,10.621648747508532,82.57847830025537,1,0,0,0.3959663729303564
2026-05-08,VTI,0.13692264413570632,0.22820440689284385,-0.09734472789487691,-0.05433576455440292,12.742084018810882,0.007412500887483686,10.68856940191082,88.08368738083716,1,0,0,0.314040264115778
2026-05-11,VTI,0.06508284161332867,0.10847140268888111,0.07183980252237765,-0.07476429517339067,11.080246781676395,0.0020944409178267342,10.556111229652368,90.68610428973443,1,0,0,0.22077045916540916
2026-05-12,VTI,0.1517984106287229,0.25299735104787147,0.21688125224205157,0.20997853700492897,10.157553302401157,-0.002310030323711465,10.456569449203643,77.91464834597309,1,0,0,0.007038722280394705
2026-05-13,VTI,0.08792785372923051,0.14654642288205083,-0.06387055689949239,0.3336622082512952,8.857581608195462,0.0052922706384801455,10.029576610868613,74.72447865890005,1,0,0,0.059885461101572
2026-05-14,VTI,0.2786813308086833,0.46446888468113884,0.19075347707945278,0.3182592470495127,8.645038443308774,0.007375730044230533,10.01927881056238,73.77455142813828,1,0,0,0.17260917243514529
2026-05-15,VTI,0.42818984965499185,0.7136497494249865,0.14950851884630856,0.5651124937906982,8.830990455261409,-0.012683733640513672,11.398104096244767,58.0100599207981,1,0,0,0.1014770794395714
2026-05-18,VTI,0.3126051045717504,0.5210085076195841,-0.11558474508324146,0.37768794618507906,8.418553602239113,-0.0010475957794644497,10.752178330284998,48.910056529993824,1,0,0,0.07540090275613975
2026-05-19,VTI,0.34154732764705154,0.5692455460784192,0.028942223075301143,0.18974891701832863,7.943376232323461,-0.006347245518120048,11.072463953163611,45.50844737938601,1,0,0,0.051332602429776664
2026-05-20,VTI,0.27891605787228047,0.4648600964538008,-0.06263126977477107,0.19098820414304996,7.7315124657020595,0.011470324142687893,11.19062731548473,64.0288952787866,1,0,0,0.07431693271751083
2026-05-21,VTI,0.24127680488823522,0.4021280081470587,-0.037639252984045246,-0.03740452592044807,7.4191747533194565,0.0024712207651256257,10.85489761596605,56.69552952903351,1,0,0,0.16685189473616413
2026-05-22,VTI,0.37406944734185155,0.623449078903086,0.13279264245361633,-0.0541204023131403,7.752868843154678,0.0046564195789629,10.674794476117109,64.03733070970866,1,0,0,0.1554862673296742
2026-05-26,VTI,0.1698768428258779,0.2831280713764631,-0.20419260451597365,-0.1427282617458725,7.125384082248483,0.007279322903991359,10.720221620605974,67.42414131448346,1,0,0,0.009992297889871438
2026-05-27,VTI,0.21530366140428692,0.3588394356738115,0.04542681857840902,-0.12624366624276462,6.78595540989692,-0.0002706818216547946,10.753543370680507,62.539359275428254,1,0,0,0.021366094865760132
2026-05-28,VTI,0.32349016029100675,0.5391502671516779,0.10818649888671983,0.04457410241872628,6.584156888560155,0.006227037041810712,10.463394292688264,72.05302592807735,1,0,0,0.24118203431904295
2026-05-29,VTI,0.3620015622967099,0.6033359371611831,0.03851140200570313,0.12072475740847466,6.867075529843896,0.002367768589951691,10.364246330413064,72.42948774986814,1,0,0,0.3290250030073105
2026-06-01,VTI,0.3823662138450201,0.6372770230750335,0.020364651548310242,0.008296766503168573,6.539261789985149,0.0023084375686828196,9.907593111711765,63.730468441734104,1,0,0,0.515410439986197
2026-06-02,VTI,0.30129670260253816,0.5021611710042302,-0.08106951124248196,0.13141985977666026,6.1398992860441295,0.002570946627664439,9.905245624506593,64.11219071705042,1,0,0,0.41035204686186155
2026-06-03,VTI,0.3241657136751841,0.5402761894586401,0.02286901107264594,0.10886205227089718,6.0207956216713,-0.007238998720798584,10.255527743427212,58.99163465782983,1,0,0,0.3045541235201621
2026-06-04,VTI,0.3955520387000311,0.6592533978333852,0.07138632502484699,0.07206187840902434,5.788546897973061,0.004654946898263512,10.048788789187066,51.45965108542123,1,0,0,0.5258386473835586
2026-06-05,VTI,0.4817760709213581,0.8029601182022635,0.08622403222132702,0.11977450862464822,5.016945347691291,-0.02678236613966123,13.42002023034973,4.080814591048744,1,0,0,0.49491233316566463
2026-06-08,VTI,0.3959663729303564,0.6599439548839274,-0.08580969799100169,0.013600159085336294,4.467695053709228,0.002999604610171458,13.333658330929715,17.20083229927521,1,0,0,0.5907141578774144
2026-06-09,VTI,0.314040264115778,0.5234004401929633,-0.0819261088145784,0.012743561513239854,3.1603604176176683,-0.0021949345358722727,13.12850803823426,4.765592355740501,1,0,0,0.5777912391861872
2026-06-10,VTI,0.22077045916540916,0.36795076527568193,-0.09326980495036885,-0.10339525450977494,1.6595852547309609,-0.015481080856096674,14.168958385464158,-16.927385670180286,1,0,0,0.7547409973303387
2026-06-11,VTI,0.007038722280394705,0.011731203800657841,-0.22780918144580387,-0.4025907609804258,0.10070478472201001,0.017484021613918044,15.483565570718069,7.14971095248354,1,0,0,0.6342476897600702
2026-06-12,VTI,0.059885461101572,0.09980910183595333,0.0669241833819667,-0.4218906098197861,-1.4172650189889837,0.005654673696460666,15.498956546521574,6.9616969309373165,1,0,0,0.6338698466648807
2026-06-15,VTI,0.17260917243514529,0.28768195405857544,0.11272371133357328,-0.22335720049521113,-1.8746562432023408,0.016841395552010363,16.368916694452636,19.574391896602005,1,0,0,0.7218707910573885
2026-06-16,VTI,0.1014770794395714,0.16912846573261903,-0.07113209299557388,-0.2125631846762066,-1.9932480143409892,-0.00579820059911218,15.823655414254551,23.769393887166157,1,0,0,0.6409013460981661
2026-06-17,VTI,0.07540090275613975,0.12566817126023294,-0.17687798219571116,-0.2961713619215489,-2.9963700597159937,-0.012446973060287636,16.49170806082155,14.001037955283962,1,0,0,0.6715240581392168
2026-06-18,VTI,0.051332602429776664,0.08555433738296112,0.12673350518591642,0.05837132471017137,-3.356115372926249,0.011564906922056695,16.720834874708373,27.461717521054318,1,0,0,0.5832721829511445
2026-06-22,VTI,0.07431693271751083,0.12386155452918472,-0.1256495351472875,-0.13420239381908283,-4.2554209108615675,-0.003189255674278524,16.370275516521627,20.350256225913434,1,0,0,0.5521004415205755
2026-06-23,VTI,0.16685189473616413,0.2780864912269402,0.24116882745367496,-0.005757277698981156,-4.388397539630894,-0.013855333058726549,17.10219803073026,-6.829700287683058,1,0,0,0.47751149706533047
2026-06-24,VTI,0.1554862673296742,0.2591437788827903,-0.011365627406489942,0.05400918789010278,-4.058006098955657,-0.00013752628228802521,17.013681385173047,-14.685686825429118,1,0,0,0.5296113997240504
2026-06-25,VTI,0.009992297889871438,0.016653829816452394,-0.14549396943980275,0.08539320064601119,-4.862811107864124,0.0009075129805657944,16.79523501138932,-21.45151899404869,1,0,0,0.45651991799580127
2026-06-26,VTI,0.021366094865760132,0.03561015810960022,0.011373796975888695,-0.02996650756401653,-5.415534691729206,-0.004835457202321813,16.85630601716407,-26.71035924746889,1,0,0,0.6171543765054133
2026-06-29,VTI,0.24118203431904295,0.4019700571984049,0.21981593945328282,0.3154989670365538,-4.800570924094102,0.013527673458039624,17.424045263177916,-17.750483217378527,1,0,0,0.46311214297098946
2026-06-30,VTI,0.3290250030073105,0.5483750050121843,0.08784296868826758,0.1621731082711464,-3.7343406993625554,0.007953839253027617,17.64702652331848,-5.43207167820631,1,0,0,0.31287148943336396
2026-07-01,VTI,0.515410439986197,0.8590173999769949,0.18638543697888643,0.35992417265652277,-1.9767710381069443,-0.0020809088570662437,17.63198304693992,-13.449785147239352,1,0,0,0.49265071396271676
2026-07-02,VTI,0.41035204686186155,0.6839200781031025,-0.1050583931243354,0.4003597489719901,-0.8957255171682311,-0.0013810471016316717,17.599204089549772,-18.650250731877712,1,0,0,0.7655918810179574
2026-07-06,VTI,0.3045541235201621,0.5075902058669368,-0.10579792334169946,0.28318802865440196,-0.11310121626221883,0.007891321143957297,17.66673966723637,0.893025025683391,1,0,0,0.8734653555998118
2026-07-07,VTI,0.5258386473835586,0.8763977456392643,0.22128452386339648,0.2846566130645156,1.6532169903835834,-0.005542626528229233,17.685842191462722,-8.617110033749753,1,0,0,0.785731422435354
2026-07-08,VTI,0.49491233316566463,0.8248538886094411,-0.030926314217893935,0.1658873301583541,3.5854281392327687,-0.003679514638298853,14.94593135749423,20.86422520359982,1,0,0,0.8052618407709988
2026-07-09,VTI,0.5907141578774144,0.9845235964623574,0.0958018247117498,0.07530371789121748,5.517957212822233,0.008689781960709686,15.185443571628197,21.69948837686723,1,0,0,0.7718733143319723
2026-07-10,VTI,0.5777912391861872,0.9629853986436454,-0.012922918691227192,0.1674391923243257,7.051114589822421,0.0033382425457664233,15.162133184403913,31.4426386265789,1,0,0,0.8620008516874278
2026-07-13,VTI,0.7547409973303387,1.2579016622172312,0.17694975814415148,0.45018687381017664,8.740667378161803,-0.007808107657964025,14.306645597262898,39.60449880304641,1,0,0,0.777074211951323
2026-07-14,VTI,0.6342476897600702,1.0570794829334504,-0.12049330757026855,0.10840904237651161,9.046524118380878,0.0037319619432314433,13.12422390202502,23.087857399717183,1,0,0,0.7122388065751162
2026-07-15,VTI,0.6338698466648807,1.0564497444414678,-0.00037784309518951176,0.13895751349921603,9.382077475127913,0.0033947886442313724,13.044633505142905,17.79180832043418,1,0,0,0.813441762280187
2026-07-16,VTI,0.7218707910573885,1.2031179850956475,0.08800094439250783,0.13115663317997406,10.221582074265594,-0.004940730328999332,11.7949102843996,-8.93200849967965,1,0,0,0.8015746804421742
2026-07-17,VTI,0.6409013460981661,1.0681689101636103,-0.08096944495922243,0.06311010691197882,10.363042930698587,-0.009633485174581735,12.094330921257832,-12.697271648819303,1,0,0,0.6683554538467917
2026-07-20,VTI,0.6715240581392168,1.1192067635653613,0.030622712041050715,-0.08321693919112194,9.794253666935962,-0.0020708148154061634,11.300821906182746,-5.068466321393833,1,0,0,0.7793952910483126
2026-07-21,VTI,0.5832721829511445,0.9721203049185742,-0.08825187518807232,-0.05097550680892571,9.148738216045437,0.008737234694966123,10.976785982332931,2.358809375991207,1,0,0,0.7004807281344116
2026-07-22,VTI,0.5521004415205755,0.9201674025342924,-0.031171741430569,-0.0817694051443052,7.777669164838999,-0.0015699474101485977,10.932618831059147,1.0779579736370406,1,0,0,0.4876005150633467
2026-07-23,VTI,0.47751149706533047,0.7958524951088841,-0.074588944455245,-0.24435929399205802,6.82402624490941,-0.0113318858435566,10.557285497732739,15.092796355355237,1,0,0,0.4535252429328396
2026-07-24,VTI,0.5296113997240504,0.8826856662067506,0.05209990265871989,-0.11128994637411571,5.898194621368712,0.0003015858697144047,10.556871910528207,19.135338451965875,1,0,0,0.4797972558848951
2026-07-27,VTI,0.45651991799580127,0.7608665299930022,-0.07309148172824909,-0.2150041401434155,4.090448871864132,0.0010416800864265774,10.558152900334958,15.929931784177192,1,0,0,0.32920145581659677
2026-07-28,VTI,0.6171543765054133,1.028590627509022,0.160634458509612,0.0338821935542688,2.7015565141296403,0.0022180775914326656,10.41795924937351,19.976088553221157,1,0,0,0.4049374162725661
2026-07-29,VTI,0.46311214297098946,0.7718535716183157,-0.1540422335344238,-0.08898829854958601,1.4045121355737928,-0.015218932089027026,10.650006975502164,-4.3372395644243324,1,0,0,0.5352735588717961
2026-07-30,VTI,0.31287148943336396,0.5214524823889399,-0.1502406535376255,-0.1646400076319665,-0.1396414132453944,0.016230995416436356,11.832933310398774,5.654705571407084,1,0,0,0.5595592875061617
2025-09-30,VXUS,0.02704069441797352,0.09013564805991173,0.03390944304854093,0.032704621790446975,-1.0233922585975668,0.004375166769136074,8.616779737631672,27.229206549942433,0,1,0,0.008566282802996428
2025-10-01,VXUS,0.11177504057758303,0.37258346859194347,0.08473434615960951,0.1687982088194262,-0.9906953551162738,0.006942582937470743,8.251473469301189,35.44659166037043,0,1,0,0.07782670253763113
2025-10-02,VXUS,0.122033434593255,0.40677811531085,0.010258394015671968,0.20029843758182508,-1.1118650073397522,0.0018926509035834815,8.251622910336385,35.76259352132692,0,1,0,0.044485652878256676
2025-10-03,VXUS,0.2715460028398453,0.9051533427994843,0.14951256824659032,0.3874425298620532,-1.103470457990723,0.007421441738336476,8.434618648303424,36.464661526733586,0,1,0,0.006795153615168914
2025-10-06,VXUS,0.2552774546586367,0.8509248488621224,-0.016268548181208597,0.2621462032892041,-0.7171711020593505,0.002142995243329171,8.282348267954843,47.593228966457666,0,1,0,0.054150657667506596
2025-10-07,VXUS,0.17302541830225282,0.5767513943408427,-0.0822520363563839,0.1459847238842793,-0.19322305986044788,-0.007751962488912079,8.451349540625985,35.86511199934615,0,1,0,0.018437894182671277
2025-10-08,VXUS,0.13504945760986486,0.45016485869954953,-0.037975960692387956,0.023274417032281836,0.04617406240479633,0.003906262444396846,8.454907680226158,39.96170601000792,0,1,0,0.13209319643389117
2025-10-09,VXUS,0.01568202709394395,0.052273423646479834,-0.11936743051592091,-0.10635140749931105,-0.15832677828083644,-0.008721340889911056,9.150507847490678,33.843628675202545,0,1,0,0.13387146996840515
2025-10-10,VXUS,0.0024522335156151875,0.008174111718717292,-0.013229793578328763,-0.2690937693242301,-0.14881552692686065,-0.023145630049323573,11.656569709013521,-10.893228016313564,0,1,0,0.1333880528062048
2025-10-13,VXUS,0.030296035629490126,0.10098678543163375,0.027843802113874938,-0.2249814190291466,-0.1360375186723729,0.015241769461405097,12.851499552337915,7.044612512607838,0,1,0,0.19264172015837078
2025-10-14,VXUS,0.034321587641750195,0.11440529213916732,0.00402555201226007,-0.13870383066050262,0.17286744262401618,0.0001365106686055384,12.547293517721068,0.32187979242608017,0,1,0,0.2681362415070221
2025-10-15,VXUS,0.13370231431826807,0.4456743810608936,0.09938072667651787,-0.0013471432915967974,1.006523083442097,0.008733616270600209,12.923516276592684,9.327089527968766,0,1,0,0.3696126603311589
2025-10-16,VXUS,0.3611228393211541,1.2037427977371804,0.227420525002886,0.3454408122272101,2.6407366347322094,0.00446431059563146,13.003980721662709,-0.8474863881198686,0,1,0,0.35980977253251556
2025-10-17,VXUS,0.2659144856097917,0.8863816186993057,-0.09520835371136238,0.2634622520941765,3.607417867187876,-0.0006734417745160037,13.008300240668765,-4.185162238723274,0,1,0,0.28432894081853455
2025-10-20,VXUS,0.2674274282902289,0.8914247609674297,0.0015129426804372237,0.2371313926607388,3.6698977948140437,0.009838320578945625,13.011184802020399,7.854999259685467,0,1,0,0.21891400142199924
2025-10-21,VXUS,0.06551238470487442,0.21837461568291472,-0.2019150435853545,0.03119079706312422,3.0275180701099287,-0.009475498219417622,13.461742574896332,-4.93866044785323,0,1,0,0.10642680736760446
2025-10-22,VXUS,0.19275780293894762,0.642526009796492,0.1272454182340732,0.05905548862067955,2.9808429457193757,0.0008083745298701484,13.44414156006998,-2.2143004152229038,0,1,0,0.11098619778712737
2025-10-23,VXUS,0.2044779025175414,0.6815930083918047,0.011720099578593768,-0.1566449368036127,2.723532407814242,0.005788911042573064,13.339397826639136,10.4844521961426,0,1,0,0.10807332706468942
2025-10-24,VXUS,0.12086392886612729,0.402879762887091,-0.0836139736514141,-0.1450505567436644,2.032252326582658,0.0032123928083331865,13.109976528809527,21.987929129961525,0,1,0,0.07566760550551943
2025-10-27,VXUS,0.07776577046279542,0.25921923487598475,-0.043098158403331865,-0.1896616578274335,1.0006366903578714,0.007605066284630313,13.258866674285727,26.854023038933754,0,1,0,0.08068485458438412
2025-10-28,VXUS,0.0455237489050242,0.151745829683414,-0.03224202155777123,-0.01998863579985022,0.19173402213383453,-0.0001323425222484742,13.210199164803551,28.518130931301975,0,1,0,0.00960210292788588
2025-10-29,VXUS,0.008566282802996428,0.028554276009988094,-0.03695746610202777,-0.1841915201359512,-0.633129405233711,-0.003045998548889428,13.260472202212767,27.79271774623541,0,1,0,0.013179805117863319
2025-10-30,VXUS,0.07782670253763113,0.25942234179210377,0.0692604197346347,-0.12665119997991026,-0.9223665201389523,-0.006243374446392558,13.327449543461375,12.42098769460713,0,1,0,0.015023852641449231
2025-10-31,VXUS,0.044485652878256676,0.1482855095941889,-0.12231235541588781,-0.16534958174438397,-1.5624601978605317,-0.0024060995996531,13.356920229918734,14.357665887811288,0,1,0,0.024399902453731137
2025-11-03,VXUS,0.006795153615168914,0.022650512050563044,0.05128080649342559,-0.07097061684762651,-1.4450015169033006,0.00281386965297048,13.14396303887394,16.84236553545899,0,1,0,0.02330192636071926
2025-11-04,VXUS,0.054150657667506596,0.180502192225022,-0.06094581128267551,-0.0996744065725308,-1.4982428160661203,-0.013228192306421915,13.906358203000002,-5.376544625936401,0,1,0,0.04492180204248575
2025-11-05,VXUS,0.018437894182671277,0.061459647275570926,0.07258855185017787,0.00987161137967485,-1.5089310646343523,0.006770480844020765,13.873157986718192,13.355359256452944,0,1,0,0.06498371829130045
2025-11-06,VXUS,0.13209319643389117,0.4403106547796372,0.11365530225121989,0.05426649389626004,-1.2349119758871376,-0.0039004831402691398,13.867362680537598,-8.880948140742499,0,1,0,0.07789334504978429
2025-11-07,VXUS,0.13387146996840515,0.4462382332280172,0.0017782735345139855,0.17835712284666183,-1.38215001379922,0.001890350989245837,13.53522895589074,-0.2770630501431467,0,1,0,0.07020786786922084
2025-11-10,VXUS,0.1333880528062048,0.44462684268734937,-0.00048341716220035025,0.1265928991910359,-1.6169288144494556,0.012533697350749273,11.21133211127003,52.14753818979552,0,1,0,0.15275859441243322
2025-11-11,VXUS,0.19264172015837078,0.6421390671945693,0.05925366735216597,0.24679237782587737,-1.6013978072446162,0.005324125389352563,10.210377354488715,35.92705336940374,0,1,0,0.14701548161029643
2025-11-12,VXUS,0.2681362415070221,0.8937874716900737,0.07549452134865131,0.2496983473243508,-1.3782602664368988,0.0038395461434435063,10.230122128927514,40.19047784486833,0,1,0,0.22049119734108835
2025-11-13,VXUS,0.3696126603311589,1.2320422011038632,0.10147641882413683,0.23751946389726775,-0.5442025704574089,-0.010947003882820439,10.769031743452707,17.093029611904022,0,1,0,0.32526604050646113
2025-11-14,VXUS,0.35980977253251556,1.1993659084417185,-0.009802887798643356,0.2259383025641104,0.996464637611871,-0.0008000741472582451,10.691703386959329,27.499792629490692,0,1,0,0.2581412598172905
2025-11-17,VXUS,0.28432894081853455,0.9477631360617819,-0.07548083171398101,0.15094088801232974,1.9501220113497022,-0.012411588167463794,11.583912949558634,8.4809567242488,0,1,0,0.31827189637552156
2025-11-18,VXUS,0.21891400142199924,0.7297133380733307,-0.06541493939653531,0.02627228126362846,2.689966019630376,-0.008783804403769024,11.364335233035696,-12.673352451024122,0,1,0,0.353780900491224
2025-11-19,VXUS,0.10642680736760446,0.3547560245586815,-0.11248719405439478,-0.16170943413941763,2.35493545353213,-0.002590249706395764,10.95963857893589,-5.281950213375807,0,1,0,0.055448185544187956
2025-11-20,VXUS,0.11098619778712737,0.36995399262375794,0.004559390419522913,-0.25862646254403154,2.477695990822108,-0.013258627284699065,11.774844710269074,-20.56731873698414,0,1,0,0.011201562552565214
2025-11-21,VXUS,0.10807332706468942,0.3602444235489647,-0.0029128707224379546,-0.25173644546782614,2.6596416739773927,0.010112144380817423,12.192111599241207,-20.026619368208024,0,1,0,0.05736922687483159
2025-11-24,VXUS,0.07566760550551943,0.25222535168506477,-0.18374093257020885,-0.359996546324054,1.9742492096468152,0.0042513054823458685,12.243893387441766,-14.670219279936259,0,1,0,0.005032592804699032
2025-11-25,VXUS,0.08068485458438412,0.2689495152812804,-0.005017249078864694,-0.29959885600638336,1.1820283097158921,0.00928581556744379,12.406812554814262,-16.440105355704215,0,1,0,0.08286767053372057
2025-11-26,VXUS,0.00960210292788588,0.032007009759619606,0.07108275165649824,-0.11602891029549034,0.5575588279974967,0.0094709364572938,12.926215143142908,-8.983967608146463,0,1,0,0.08058635425270966
2025-11-28,VXUS,0.013179805117863319,0.043932683726211064,-0.0035777021899774386,-0.12416600290499069,-0.19312235189554974,0.0044230241034055595,13.002427292269958,-4.944472524379996,0,1,0,0.15248789001391927
2025-12-01,VXUS,0.015023852641449231,0.05007950880483077,0.02820365775931255,-0.09304947442324019,-0.5964301968128345,-0.003869774567382578,12.888542038113021,7.096472433798784,0,1,0,0.21051425689347925
2025-12-02,VXUS,0.024399902453731137,0.0813330081791038,0.009376049812281906,0.10006750795925057,-1.3872796169905048,0.0016074362322135993,12.871879657381077,4.996219789110068,0,1,0,0.4611050781018644
2025-12-03,VXUS,0.02330192636071926,0.07767308786906421,-0.0010979760930118765,0.10398678094510339,-2.0202847354193962,0.004012345395572936,12.910114353197205,1.064915947351608,0,1,0,0.5415779540331844
2025-12-04,VXUS,0.04492180204248575,0.14973934014161916,0.021619875681766487,0.05452390497037163,-2.8067297200162966,0.0021313928701189866,11.962109958886401,21.04459477592289,0,1,0,0.4877036849377625
2025-12-05,VXUS,0.06498371829130045,0.21661239430433485,0.020061916248814704,0.07816352340916377,-3.2997913097357197,0.0019938041976779175,11.780262704440341,14.886684361880368,0,1,0,0.4402818433846878
2025-12-08,VXUS,0.07789334504978429,0.25964448349928093,0.012909626758483839,0.06286949240833506,-3.3584081581198864,-0.002122526380267109,11.709010622328812,28.829018026226276,0,1,0,0.4541692184790058
2025-12-09,VXUS,0.07020786786922084,0.23402622623073613,-0.007685477180563449,0.045807965415489704,-3.4180335413053657,-0.0013294133541381647,11.72317881532504,25.14848752966175,0,1,0,0.47690205555740994
2025-12-10,VXUS,0.15275859441243322,0.5091953147081107,0.08255072654321238,0.12945666805171396,-3.1895457128473077,0.010782714709506758,11.512638476877852,14.801850195299338,0,1,0,0.6412503638414446
2025-12-11,VXUS,0.14701548161029643,0.49005160536765474,-0.005743112802136796,0.10209367956781068,-2.7736265123336623,0.0026339648022963846,11.408723468951651,17.85072141599713,0,1,0,0.5620797589470872
2025-12-12,VXUS,0.22049119734108835,0.7349706578036279,0.07347571573079192,0.1555074790497879,-1.8326208107765338,-0.006830377798851983,11.600704180455807,7.397565680755045,0,1,0,0.7206445282568474
2025-12-15,VXUS,0.32526604050646113,1.0842201350215372,0.10477484316537278,0.24737269545667684,-0.1706798432399555,0.0034387268103641677,10.959542076705613,20.74985075503171,0,1,0,0.703557362608842
2025-12-16,VXUS,0.2581412598172905,0.8604708660576351,-0.0671247806891706,0.18793339194806968,1.2517572656396445,-0.005404028565530128,11.146949080917706,12.671646797803815,0,1,0,0.7297934927126271
2025-12-17,VXUS,0.31827189637552156,1.0609063212517387,0.06013063655823103,0.16551330196308833,2.632693229182075,-0.006626027114581379,10.471479473555597,15.541845000464697,0,1,0,0.8590171049832951
2025-12-18,VXUS,0.353780900491224,1.1792696683040802,0.03550900411570246,0.2067654188809276,3.8837555184540844,0.008137681667580443,10.190669541263064,36.29608095225386,0,1,0,0.8712199776902907
2025-12-19,VXUS,0.055448185544187956,0.18482728514729319,-0.40922908603541197,-0.2759393828852763,3.3535272357787647,-0.011909508131710989,11.123739290015783,38.37808271055257,0,1,0,0.9028527025936928
2025-12-22,VXUS,0.011201562552565214,0.03733854184188405,0.04424662299162274,-0.33646760305902634,3.036647165932192,0.005624724511108736,9.934372447665291,64.05713638095145,0,1,0,1.037861005557028
2025-12-23,VXUS,0.05736922687483159,0.19123075624943864,0.0685707894273968,-0.20077203294245893,2.9726753730250715,0.0061260718644498,9.609645847552272,58.93726322817603,0,1,0,1.0432648281280155
2025-12-24,VXUS,0.005032592804699032,0.01677530934899677,-0.05233663407013256,-0.3132393035708225,2.0957854798650617,0.0007941436951717229,9.568810903302325,47.511014694381174,0,1,0,1.3090210314605333
2025-12-26,VXUS,0.08286767053372057,0.2762255684457352,0.07783507772902154,-0.27091322995750344,1.4283211329611987,0.0031741550301835897,9.171536614544184,38.73618243514194,0,1,0,1.2248775154043101
2025-12-29,VXUS,0.08058635425270966,0.2686211808423655,-0.0022813162810109144,0.1360345397968976,0.954988850542544,-0.0031641116492759913,8.780667759165441,24.680032400028832,0,1,0,1.323189718727863
2025-12-30,VXUS,0.15248789001391927,0.5082929667130642,0.07190153576120961,0.16368945256648448,0.6738091866456803,0.0019838847330782006,8.688737932611751,16.5166039131011,0,1,0,1.073069294502138
2025-12-31,VXUS,0.21051425689347925,0.7017141896449308,0.058026366879559976,0.15314503001864765,0.6289072999735955,-0.004223860689032244,8.712177543985879,8.917119992090413,0,1,0,1.1025715442869788
2026-01-02,VXUS,0.4611050781018644,1.5370169270062148,0.25059082120838516,0.4560724852971654,1.3707614435580011,0.014581103373842774,9.983436938511382,17.249324738445317,0,1,0,1.2984962627645313
2026-01-05,VXUS,0.5415779540331844,1.8052598467772814,0.08047287593132002,0.45871028349946386,2.2286446878010118,0.010582669831526337,10.469755127103781,21.82133985247927,0,1,0,1.371383137093124
2026-01-06,VXUS,0.4877036849377625,1.6256789497925417,-0.05387426909542192,0.40711733068505285,2.819489981890854,0.003490682324334804,10.49152600284283,24.443658775349956,0,1,0,1.3401460493707218
2026-01-07,VXUS,0.4402818433846878,1.467606144615626,-0.04742184155307472,0.2877939533707685,3.1833532965755587,-0.005024470186141716,10.729830450025437,15.05317029851954,0,1,0,1.423447220341334
2026-01-08,VXUS,0.4541692184790058,1.5138973949300194,0.013887375094318033,0.24365496158552657,3.5164386392712674,0.0006473575060228498,10.665217018672287,19.0409673703984,0,1,0,1.621876901600705
2026-01-09,VXUS,0.47690205555740994,1.5896735185246997,0.022732837078404122,0.015796977455545536,3.773413039552071,0.0071170168277119306,10.80242323368697,25.143237181261885,0,1,0,1.7117893836399112
2026-01-12,VXUS,0.6412503638414446,2.1375012128048154,0.16434830828403468,0.0996724098082602,4.729551814727682,0.009250946983992536,10.652333150677629,24.75055413313152,0,1,0,1.9037424315580642
2026-01-13,VXUS,0.5620797589470872,1.8735991964902905,-0.07917060489435745,0.07437607400932467,5.247786191386125,-0.005346986403846454,10.913883372465367,16.28655749715886,0,1,0,1.9663340973602672
2026-01-14,VXUS,0.7206445282568474,2.402148427522825,0.15856476930976027,0.28036268487215965,6.4110632803675305,0.004351772420807087,10.551076375100807,20.620938331768592,0,1,0,1.993222736694955
2026-01-15,VXUS,0.703557362608842,2.34519120869614,-0.017087165648005387,0.24938814412983623,7.731296304599903,0.0016566490556351177,10.534047089596895,27.17532643502656,0,1,0,1.9253348696088746
2026-01-16,VXUS,0.7297934927126271,2.432644975708757,0.026236130103785005,0.2528914371552171,8.773048868092019,0.0005089175102275245,10.225837310316876,35.591117498007215,0,1,0,1.904759940138251
2026-01-20,VXUS,0.8590171049832951,2.863390349944317,0.12922361227066803,0.21776674114185046,10.29790174831131,-0.011571668867976004,10.873713666473645,30.616165367057803,0,1,0,1.9047530599999085
2026-01-21,VXUS,0.8712199776902907,2.904066592300969,0.012202872706995604,0.3091402187432035,11.813589074631198,0.011192526432714844,11.147802751137869,30.307917556852047,0,1,0,2.04987023353439
2026-01-22,VXUS,0.9028527025936928,3.009509008645643,0.031632724903402076,0.18220817433684533,11.796340588726155,0.00610691305664135,10.026960628585826,32.34217989864896,0,1,0,2.139881567331514
2026-01-23,VXUS,1.037861005557028,3.4595366851900935,0.13500830296333532,0.33430364294818604,12.065458652944791,0.005690401338173334,10.029354410954614,26.738758459782908,0,1,0,2.116849353348643
2026-01-26,VXUS,1.0432648281280155,3.477549427093385,0.005403822570987371,0.3134713354153884,12.256099885561754,0.004149400680496296,9.968914415048534,25.130696503947377,0,1,0,2.1757328841572
2026-01-27,VXUS,1.3090210314605333,4.363403438201777,0.2657562033325178,0.4500039264772382,12.803996738675389,0.015527145683602805,10.8850246328814,35.071483210098314,0,1,0,2.1831017373183492
2026-01-28,VXUS,1.2248775154043101,4.0829250513477,-0.08414351605622317,0.3536575377140194,12.931635573874859,-0.00443897185110842,11.216348513682647,32.56233156165114,0,1,0,2.2334947190479957
2026-01-29,VXUS,1.323189718727863,4.410632395759543,0.09831220332355284,0.4203370161341702,12.999300961058392,0.002600930022651049,10.992494652447505,37.6585258394536,0,1,0,1.865707436992814
2026-01-30,VXUS,1.073069294502138,3.57689764834046,-0.2501204242257249,0.03520828894510997,12.104400674146948,-0.015935680478871506,12.853439213795903,27.747505324933464,0,1,0,1.2983491945062153
2026-02-02,VXUS,1.1025715442869788,3.675238480956596,0.02950224978484073,0.059306716158963324,11.213650404622348,0.0056489697157298124,12.66361025271018,44.234204207931306,0,1,0,1.3747097641456596
2026-02-03,VXUS,1.2984962627645313,4.328320875881771,0.19592471847755255,-0.01052476869600194,11.569323409901957,0.0024965291064589223,11.929051016058986,29.964664688527964,0,1,0,1.0644184649481858
2026-02-04,VXUS,1.371383137093124,4.571277123643746,0.07288687432859264,0.14650562168881387,12.178173658896904,-0.0007470745911799526,11.580696985212112,18.404092135244497,0,1,0,1.120094007259359
2026-02-05,VXUS,1.3401460493707218,4.467153497902406,-0.03123708772240219,0.01695633064285884,12.221526442822073,-0.011962605413989524,12.494224059839993,-8.857241624972636,0,1,0,1.217527389681189
2026-02-06,VXUS,1.423447220341334,4.744824067804446,0.08330117097061218,0.3503779258391959,12.088504163286883,0.022197025046140517,14.261843195877802,22.798799341079157,0,1,0,1.315648591478935
2026-02-09,VXUS,1.621876901600705,5.406256338669016,0.1984296812593711,0.5193053573137263,12.331620887622229,0.013571849879125075,14.762535615025268,29.274594260193567,0,1,0,1.32210643955607
2026-02-10,VXUS,1.7117893836399112,5.705964612133037,0.0899124820392061,0.41329312087537984,12.568700033552815,0.0024345337130540212,14.685125845098773,19.15941558163472,0,1,0,1.1998804215659575
2026-02-11,VXUS,1.9037424315580642,6.345808105193547,0.19195304791815304,0.5323592944649402,13.618261140649736,0.0077716988646885365,14.61114642431711,17.609798370857945,0,1,0,1.100719411533696
2026-02-12,VXUS,1.9663340973602672,6.554446991200891,0.06259166580220299,0.6261880479895454,14.176432029634105,-0.010362701921781903,15.05415376501144,-0.09881526770794341,0,1,0,1.3254481680447072
2026-02-13,VXUS,1.993222736694955,6.644075788983184,0.02688863933468788,0.5697755163536211,14.933070417128354,0.003287523213081567,15.04148354330788,3.017953913342273,0,1,0,1.3503210202498728
2026-02-17,VXUS,1.9253348696088746,6.417782898696249,-0.06788786708608052,0.3034579680081695,14.992314855196412,-0.0020630845363749373,15.118783288395798,-1.5484727398587446,0,1,0,1.2437748661211667
2026-02-18,VXUS,1.904759940138251,6.349199800460836,-0.02057492947062367,0.19297055649833972,14.680297901041449,0.0034050683189381648,15.111363735831892,3.599477370294445,0,1,0,1.245587393151082
2026-02-19,VXUS,1.9047530599999085,6.349176866666362,-6.880138342379993e-06,0.0010106284418442968,14.448608928741347,-0.0015756257356271952,14.328894987401315,17.0120470230533,0,1,0,0.8722978285861493
2026-02-20,VXUS,2.04987023353439,6.832900778447966,0.1451171735344814,0.0835361361741227,14.392837505020976,0.0120175470523336,14.392422736297119,16.35388030280023,0,1,0,1.1700956288801911
2026-02-23,VXUS,2.139881567331514,7.1329385577717135,0.09001133379712423,0.14665883063655905,14.359696194381392,-0.005277706931877124,14.606403290825067,-3.461779776584928,0,1,0,1.0583277657145507
2026-02-24,VXUS,2.116849353348643,7.056164511162143,-0.02303221398287114,0.19151448373976843,14.332337769891902,0.005908571831259923,14.612966015411233,5.826324514041617,0,1,0,1.2515391947388765
2026-02-25,VXUS,2.1757328841572,7.252442947190667,0.058883530808556905,0.270972944018949,14.164578749496277,0.00935026128527583,14.804946925195123,12.407313061776247,0,1,0,1.0598557760567506
2026-02-26,VXUS,2.1831017373183492,7.277005791061164,0.007368853161149325,0.2783486773184407,14.60461091971395,-0.002850331026936437,14.130908130823622,-3.710524161812722,0,1,0,1.289628768852752
2026-02-27,VXUS,2.2334947190479957,7.444982396826652,0.05039298172964646,0.18362448551360577,14.622268906996393,-0.0017865832243278978,14.015369788996965,-9.132018192710234,0,1,0,1.339751940615369
2026-03-02,VXUS,1.865707436992814,6.2190247899760465,-0.36778728205518174,-0.2741741303387002,13.464772345322025,-0.016823721200195485,15.422865891879253,-5.610806451305183,0,1,0,1.5044300101774655
2026-03-03,VXUS,1.2983491945062153,4.327830648354051,-0.5673582424865986,-0.8185001588424277,9.384128215838444,-0.034466066925899375,18.91145679465036,-16.198667417127808,0,1,0,1.6241756428802268
2026-03-04,VXUS,1.3747097641456596,4.582365880485532,0.07636056963944426,-0.8010231200115403,5.584750952004125,0.009803906526297146,19.12121489441932,-17.529922530617892,0,1,0,1.4405668530282245
2026-03-05,VXUS,1.0644184649481858,3.548061549827286,-0.3102912991974738,-1.1186832723701634,1.3877247187494572,-0.020164241859984555,20.350991233024587,-22.568675267984652,0,1,0,1.4981684837073017
2026-03-06,VXUS,1.120094007259359,3.7336466908645303,0.05567554231117322,-1.1134007117886366,-2.2901589190841793,-0.009400379221220279,20.56389889643691,-32.06492485772952,0,1,0,1.49493636186116
2026-03-09,VXUS,1.217527389681189,4.058424632270629,0.09743338242182986,-0.648180047311625,-5.680528579949615,0.01243900422610511,20.704294025642987,-3.2862314978140628,0,1,0,1.8940140458389432
2026-03-10,VXUS,1.315648591478935,4.385495304929784,0.0981212017977462,0.01729939697271976,-8.412383912056251,0.002153335084373653,19.08242532518932,-26.192852942405274,0,1,0,1.7520629524630682
2026-03-11,VXUS,1.32210643955607,4.4070214651869,0.006457848077134898,-0.052603324589589606,-10.37653664094835,-0.0010111454534567077,18.325489247253625,-30.956836789046662,0,1,0,1.8322528556796724
2026-03-12,VXUS,1.1998804215659575,3.9996014052198583,-0.12222601799011246,0.13546195661777172,-12.318996585777759,-0.019863356232778018,19.283432314349,-42.745791494424175,0,1,0,1.7892804175837718
2026-03-13,VXUS,1.100719411533696,3.66906470511232,-0.09916101003226152,-0.019374595725663024,-13.729537855799892,-0.009423045636128169,19.00988710079772,-54.494394587722816,0,1,0,1.8052340585086923
2026-03-16,VXUS,1.3254481680447072,4.4181605601490235,0.2247287565110112,0.10792077836351832,-13.921321273680935,0.019937435781702373,20.50148914967736,-20.492580308765316,0,1,0,1.6260084758284887
2026-03-17,VXUS,1.3503210202498728,4.501070067499576,0.024872852205165552,0.03467242877093768,-13.726698509099322,0.004343988525203013,20.540411383023322,-17.800493550317018,0,1,0,1.5822292210272204
2026-03-18,VXUS,1.2437748661211667,4.145916220403889,-0.10654615412870605,-0.07833157343490327,-13.913245766673558,-0.017300605518281498,21.19907386766016,-31.198869746296744,0,1,0,1.6196919664265563
2026-03-19,VXUS,1.245587393151082,4.151957977170273,0.0018125270299151897,0.04570697158512438,-13.945489617167135,-0.0012944786293992427,21.08558410148553,-41.264218962735875,0,1,0,1.5689659665497901
2026-03-20,VXUS,0.8722978285861493,2.9076594286204975,-0.37328956456493256,-0.22842158294754666,-14.979712031071315,-0.031626732250780165,23.267147608244464,-54.23041386035244,0,1,0,1.287777115615879
2026-03-23,VXUS,1.1700956288801911,3.9003187629339706,0.2977978002940418,-0.15535253916451608,-14.186288655427958,0.025030153520249288,24.81881847521504,-49.08329609947453,0,1,0,1.2898210763235163
2026-03-24,VXUS,1.0583277657145507,3.527759219048502,-0.11176786316564047,-0.2919932545353221,-13.147660887789401,-0.008226754606279196,24.860134922979796,-38.12708930266876,0,1,0,1.142967611289658
2026-03-25,VXUS,1.2515391947388765,4.171797315796255,0.19321142902432586,0.007764328617709815,-11.209242538007713,0.014878274235910371,25.499308765581493,-41.42798848937266,0,1,0,1.2197262036046597
2026-03-26,VXUS,1.0598557760567506,3.5328525868558356,-0.1916834186821259,-0.18573161709433128,-9.402454191497014,-0.024390306670375117,26.00828345855667,-68.18518957376682,0,1,0,1.1598138705391114
2026-03-27,VXUS,1.289628768852752,4.298762562842507,0.22977299279600127,0.41733094026660256,-6.4564960142991605,-0.006781842121442505,25.998423059653263,-81.03246080734034,0,1,0,1.1437677911906141
2026-03-30,VXUS,1.339751940615369,4.46583980205123,0.05012317176261716,0.16965631173517792,-2.8752055010434,-0.0008033898249683036,26.017994571080738,-83.87445405824526,0,1,0,1.0053489450271735
2026-03-31,VXUS,1.5044300101774655,5.014766700591552,0.1646780695620964,0.4461022444629148,0.21544956576183555,0.033230650518615956,28.866020839135793,-52.318628466558124,0,1,0,1.2686568653422825
2026-04-01,VXUS,1.6241756428802268,5.413918809600756,0.11974563270276128,0.3726364481413502,1.7798267945269206,0.011671657615809794,26.885080054232912,-17.5079385761555,0,1,0,1.192173632329624
2026-04-02,VXUS,1.4405668530282245,4.801889510094082,-0.18360878985200224,0.3807110769714739,2.9132832852453863,-0.006793984935051345,26.674222127496044,-32.14170862803605,0,1,0,1.0837188745858262
2026-04-06,VXUS,1.4981684837073017,4.993894945691006,0.0576016306790772,0.2085397148545498,3.100422485847923,0.0063241848546677915,25.917711166339195,-13.726961992675296,0,1,0,1.2209783720755485
2026-04-07,VXUS,1.49493636186116,4.983121206203867,-0.0032321218461417445,0.1551844212457909,3.335271156293051,0.000641213563941978,25.707443002612973,-1.6514124683761473,0,1,0,1.5179580005585502
2026-04-08,VXUS,1.8940140458389432,6.313380152796477,0.3990776839777832,0.3895840356614777,5.098188819784746,0.041143384414032314,29.13148778679625,24.343613142403477,0,1,0,1.2640582015030766
2026-04-09,VXUS,1.7520629524630682,5.840209841543561,-0.14195109337587497,0.12788730958284145,6.529700305477135,-0.001969760624116912,29.15512814784609,24.537068361513505,0,1,0,1.4175901949496472
2026-04-10,VXUS,1.8322528556796724,6.1075095189322415,0.08018990321660424,0.39168600265144793,8.10350629897164,0.002466966189651476,29.14498486381398,22.076337773339198,0,1,0,1.3748523636614718
2026-04-13,VXUS,1.7892804175837718,5.964268058612573,-0.04297243809590068,0.29111193387647005,8.93267124605259,0.007628925460709146,28.146469916585144,47.49613842010133,0,1,0,1.1325431972126654
2026-04-14,VXUS,1.8052340585086923,6.017446861695641,0.015953640924920576,0.3102976966475324,9.266148778876406,0.011234560700968954,27.925449588804785,65.45973275532725,0,1,0,1.2479506237863203
2026-04-15,VXUS,1.6260084758284887,5.42002825276163,-0.1792255826802036,-0.26800557001045444,9.591557101062385,-0.0019320859489415643,27.352673088803154,60.780873356978006,0,1,0,1.0956876035072005
2026-04-16,VXUS,1.5822292210272204,5.274097403424069,-0.04377925480126832,-0.1698337314358478,9.765468511733495,-0.00024203595997118743,27.364853259856897,62.30648493230794,0,1,0,0.8639791095281457
2026-04-17,VXUS,1.6196919664265563,5.398973221421855,0.03746274539933592,-0.21256088925311611,9.603858625012217,0.013554432818714712,26.62661327544561,86.47994091470032,0,1,0,0.9930853314844224
2026-04-20,VXUS,1.5689659665497901,5.229886555165967,-0.05072599987676618,-0.22031445103398162,9.160855147722446,-0.003223840514225751,26.68316789359464,88.5140906522453,0,1,0,0.933310714833574
2026-04-21,VXUS,1.287777115615879,4.292590385386264,-0.2811888509339111,-0.5174569428928133,6.357326312600243,-0.019166339712212488,24.88134063275599,94.75176959000122,0,1,0,1.0562643781411418
2026-04-22,VXUS,1.2898210763235163,4.299403587745054,0.002043960707637238,-0.33618739950497245,4.492842629352789,0.008671215294197232,23.801595754543538,89.65792560493466,0,1,0,1.1111745830587771
2026-04-23,VXUS,1.142967611289658,3.8098920376321934,-0.1468534650338582,-0.43926160973756234,1.7098597841006715,-0.0105339042954814,23.960277644205952,87.00097635612491,0,1,0,0.9912082488443996
2026-04-24,VXUS,1.2197262036046597,4.065754012015532,0.0767585923150016,-0.39996576282189666,-0.15769939750538714,0.00942237679349578,23.709936774362756,87.55847387027555,0,1,0,1.2622176146087571
2026-04-27,VXUS,1.1598138705391114,3.8660462351303715,-0.05991233306554822,-0.4091520960106787,-2.8975089871649367,-0.0018184207754088355,21.576919480697672,106.38936339842671,0,1,0,1.1998000743752624
2026-04-28,VXUS,1.1437677911906141,3.8125593039687136,-0.016046079348497333,-0.14400932442526493,-4.898308067434929,-0.005465107702890548,21.49548938741098,119.10251660235109,0,1,0,1.1130835266510875
2026-04-29,VXUS,1.0053489450271735,3.3511631500905783,-0.13841884616344058,-0.28447213129634275,-7.123042370095119,-0.008059543749346698,21.863938364980175,130.2893486065258,0,1,0,1.0846888337926575
2026-04-30,VXUS,1.2686568653422825,4.228856217807609,0.26330792031510897,0.12568925405262443,-7.78996604685335,0.02252855011736199,20.32979593964419,112.45732203644036,0,1,0,1.11368198453754
2026-05-01,VXUS,1.192173632329624,3.973912107765413,-0.07648323301265858,-0.027552571275035742,-8.199975650385374,-0.0010835099992284603,20.17307650547982,102.50352360316354,0,1,0,1.2256321266798709
2026-05-04,VXUS,1.0837188745858262,3.6123962486194205,-0.10845475774379776,-0.07609499595328528,-9.48106682024221,-0.008677849947089866,20.298665606029935,104.21783546506003,0,1,0,1.1540721170293367
2026-05-05,VXUS,1.2209783720755485,4.069927906918495,0.13725949748972233,0.07721058088493438,-9.991861517900121,0.014103387989171656,20.638789939079203,106.62155667196751,0,1,0,1.100508133531941
2026-05-06,VXUS,1.5179580005585502,5.059860001861835,0.29697962848300175,0.5126090555313767,-9.455812453097368,0.02649561188637839,22.110514134898462,124.05296931995085,0,1,0,0.8072564541898308
2026-05-07,VXUS,1.2640582015030766,4.213527338343589,-0.25389979905547366,-0.00459866383920593,-8.323936688917508,-0.016000965926583288,18.80024469182409,82.57847830025537,0,1,0,0.9338214688384527
2026-05-08,VXUS,1.4175901949496472,4.725300649832157,0.15353199344657065,0.2254165626200233,-6.9952333251682886,0.014005938340365454,19.20609105409002,88.08368738083716,0,1,0,0.989392793423205
2026-05-11,VXUS,1.3748523636614718,4.582841212204905,-0.04273783128817543,0.2911334890756456,-5.409276677804016,-0.00046823031001352877,19.234911460596837,90.68610428973443,0,1,0,0.9668248989213535
2026-05-12,VXUS,1.1325431972126654,3.7751439907088846,-0.2423091664488064,-0.0884351748628831,-4.618171180923791,-0.013584682527301495,19.904191587210597,77.91464834597309,0,1,0,1.3291235529951317
2026-05-13,VXUS,1.2479506237863203,4.159835412621068,0.11540742657365488,-0.27000737677222997,-3.1795829754634006,0.010091397842157734,19.836972615272,74.72447865890005,0,1,0,1.3119711997098327
2026-05-14,VXUS,1.0956876035072005,3.6522920116906685,-0.15226302027911975,-0.16837059799587606,-2.6983244746332917,-0.0007052795803581535,19.815839454510527,73.77455142813828,0,1,0,1.319260239886516
2026-05-15,VXUS,0.8639791095281457,2.879930365093819,-0.2317084939790548,-0.5536110854215015,-2.9564845497006993,-0.022465256505871722,21.476640415389507,58.0100599207981,0,1,0,1.3380618373075859
2026-05-18,VXUS,0.9930853314844224,3.310284438281408,0.12910622195627663,-0.38176703217704944,-2.4253302934121463,0.005053521427756946,21.015674054568244,48.910056529993824,0,1,0,1.4643445551211054
2026-05-19,VXUS,0.933310714833574,3.1110357161119135,-0.05977461665084838,-0.1992324823790914,-2.0666572164520423,-0.008739324053719466,21.206874822286974,45.50844737938601,0,1,0,1.3947289608205238
2026-05-20,VXUS,1.0562643781411418,3.520881260470473,0.12295366330756785,-0.19168624564517844,-2.108242911369552,0.016545834138811832,20.80934800917209,64.0288952787866,0,1,0,1.5343178896075949
2026-05-21,VXUS,1.1111745830587771,3.7039152768625905,0.05491020491763532,0.01548697955157663,-1.8880394024387375,0.004871137828545757,20.683204200846426,56.69552952903351,0,1,0,1.128799690600818
2026-05-22,VXUS,0.9912082488443996,3.3040274961479987,-0.11996633421437752,0.1272291393162539,-2.5272354338028844,-0.0014188075666128341,20.267653429922316,64.03733070970866,0,1,0,1.1013841724243467
2026-05-26,VXUS,1.2622176146087571,4.207392048695857,0.2710093657643575,0.2691322831243348,-1.9583073334475296,0.019535893248455505,21.04430615377423,67.42414131448346,0,1,0,1.2700093191442385
2026-05-27,VXUS,1.1998000743752624,3.9993335812508746,-0.06241754023349477,0.2664893595416884,-1.8215238067831863,-0.0030194185853856803,21.07679079592617,62.539359275428254,0,1,0,1.2062694001530094
2026-05-28,VXUS,1.1130835266510875,3.7102784221702914,-0.08671654772417492,0.05681914850994563,-2.0379848217185232,0.0016307442298981734,20.899594844284273,72.05302592807735,0,1,0,1.0671242571237805
2026-05-29,VXUS,1.0846888337926575,3.6156294459755247,-0.028394692858429993,-0.026485749266119685,-2.833333320981779,0.00081404461638801,20.562767787145205,72.42948774986814,0,1,0,1.0704407046033426
2026-06-01,VXUS,1.11368198453754,3.7122732817918003,0.028993150744882623,0.12247373569314046,-2.6158874510508343,0.0029049501172688785,19.278095171476128,63.730468441734104,0,1,0,0.8807127236321877
2026-06-02,VXUS,1.2256321266798709,4.085440422266236,0.11195014214233079,-0.03658548792888627,-2.257242431105227,0.007531010824529671,19.341005466119473,64.11219071705042,0,1,0,0.9829433367542162
2026-06-03,VXUS,1.1540721170293367,3.8469070567644557,-0.07156000965053422,-0.04572795734592572,-2.531658829906864,-0.009889611538704823,19.432084219039517,58.99163465782983,0,1,0,1.1675850998304538
2026-06-04,VXUS,1.100508133531941,3.66836044510647,-0.05356398349739555,-0.01257539311914635,-2.5114398908678006,0.0017421780317916635,18.947940633514392,51.45965108542123,0,1,0,0.9014297092447721
2026-06-05,VXUS,0.8072564541898308,2.690854847299436,-0.29325167934211027,-0.27743237960282663,-2.342990992130923,-0.03733334748641304,21.177739361776073,4.080814591048744,0,1,0,0.922800331821777
2026-06-08,VXUS,0.9338214688384527,3.112738229461509,0.1265650146486219,-0.17986051569908734,-2.440714911946739,0.008551115198254022,20.744816042187438,17.20083229927521,0,1,0,0.872221058184075
2026-06-09,VXUS,0.989392793423205,3.29797597807735,0.055571324584752224,-0.2362393332566659,-1.6991202882397878,0.0009553598411220499,20.100818142549077,4.765592355740501,0,1,0,0.9223715506528729
2026-06-10,VXUS,0.9668248989213535,3.2227496630711783,-0.022567894501851482,-0.18724721810798317,-1.0447555601213596,-0.01467434217861907,20.663278408054957,-16.927385670180286,0,1,0,0.6853859193927447
2026-06-11,VXUS,1.3291235529951317,4.430411843317106,0.36229865407377826,0.22861541946319064,0.05476359242537856,0.03329701079957981,23.409515988853208,7.14971095248354,0,1,0,0.8311403974127496
2026-06-12,VXUS,1.3119711997098327,4.373237332366109,-0.01715235328529907,0.5047147455200018,1.448108496559599,0.003984110403977059,23.19633656682693,6.9616969309373165,0,1,0,0.8464064576393648
2026-06-15,VXUS,1.319260239886516,4.3975341329550535,0.0072890401766834145,0.38543877104806334,2.298373046532812,0.015172771325016932,23.74350450205071,19.574391896602005,0,1,0,0.7048540936894443
2026-06-16,VXUS,1.3380618373075859,4.46020612435862,0.018801597421069793,0.3486690438843809,2.3062065912066827,-0.004023983559523825,22.24004860090109,23.769393887166157,0,1,0,0.7080357288805073
2026-06-17,VXUS,1.4643445551211054,4.8811485170703515,0.12628271781351952,0.4975196561997519,3.0340883642709096,-0.005540756582675832,22.36349209980356,14.001037955283962,0,1,0,0.6765109522730295
2026-06-18,VXUS,1.3947289608205238,4.649096536068412,-0.06961559430058162,0.06560540782539204,3.1670884186335013,0.007196693049404734,22.118174607189257,27.461717521054318,0,1,0,0.8710330186166959
2026-06-22,VXUS,1.5343178896075949,5.1143929653586495,0.13958892878707108,0.22234668989776218,4.045578467677935,0.0033421796329009545,21.513204081701705,20.350256225913434,0,1,0,0.9073263488715899
2026-06-23,VXUS,1.128799690600818,3.76266563533606,-0.4055181990067769,-0.1904605492856981,3.643243795803539,-0.03043870860093756,24.169919844354514,-6.829700287683058,0,1,0,0.9125417001722425
2026-06-24,VXUS,1.1013841724243467,3.6712805747478225,-0.027415518176471254,-0.23667766488323916,2.715631329926688,-0.0008293723632448735,24.166375690470577,-14.685686825429118,0,1,0,0.8484687899989962
2026-06-25,VXUS,1.2700093191442385,4.233364397147462,0.16862514671989182,-0.19433523597686686,3.273540708626138,0.008774075471848386,23.34626596167793,-21.45151899404869,0,1,0,0.9230873009771601
2026-06-26,VXUS,1.2062694001530094,4.020898000510032,-0.0637399189912291,-0.18845956066751435,3.397323148246277,-0.007052168091304489,23.443365049454858,-26.71035924746889,0,1,0,0.7372537368683707
2026-06-29,VXUS,1.0671242571237805,3.557080857079268,-0.13914514302922898,-0.4671936324838144,2.7544789670352126,0.0053266682097645734,23.523716532515905,-17.750483217378527,0,1,0,0.8113396369441306
2026-06-30,VXUS,1.0704407046033426,3.568135682011142,0.003316447479562168,-0.058358985997475354,2.035611815490292,0.0065936366016901005,23.6488063056269,-5.43207167820631,0,1,0,1.1175444826059922
2026-07-01,VXUS,0.8807127236321877,2.9357090787739586,-0.18972798097115495,-0.22067144879215905,0.8068864008226949,-0.011229373125057784,23.919541330747325,-13.449785147239352,0,1,0,0.9799373508868892
2026-07-02,VXUS,0.9829433367542162,3.2764777891807206,0.10223061312202852,-0.28706598239002235,0.38876938339991735,0.003667308210936193,23.78536163019354,-18.650250731877712,0,1,0,0.8068670980750425
2026-07-06,VXUS,1.1675850998304538,3.8919503327681793,0.18464176307623759,-0.038684300322555654,0.3950530477272309,0.015676589915889716,24.235063378974974,0.893025025683391,0,1,0,0.8054625141553362
2026-07-07,VXUS,0.9014297092447721,3.004765697482574,-0.2661553905856817,-0.1656945478790084,-0.6627307522174692,-0.017639511145007725,24.992830309927772,-8.617110033749753,0,1,0,0.877281360014287
2026-07-08,VXUS,0.922800331821777,3.07600110607259,0.02137062257700495,-0.1476403727815656,-2.637474213849447,-0.002480792447575486,21.19665230064686,20.86422520359982,0,1,0,0.8665188592673678
2026-07-09,VXUS,0.872221058184075,2.90740352728025,-0.05057927363770198,-0.00849166544811264,-4.360931291937797,0.00544764413989518,21.08221995611179,21.69948837686723,0,1,0,0.9464058164790123
2026-07-10,VXUS,0.9223715506528729,3.0745718355095764,0.05015049246879788,-0.06057178610134328,-5.701567764377533,0.005182506526546948,21.13845830653542,31.4426386265789,0,1,0,0.8693870354620492
2026-07-13,VXUS,0.6853859193927447,2.2846197313091494,-0.23698563126012817,-0.48219918043770904,-7.873790677398022,-0.018279794065342858,21.507711272953827,39.60449880304641,0,1,0,0.9377092463897285
2026-07-14,VXUS,0.8311403974127496,2.7704679913758317,0.14575447802000485,-0.07028931183202247,-8.180050593548907,0.010503758601509539,18.387149840606487,23.087857399717183,0,1,0,1.0289618565599956
2026-07-15,VXUS,0.8464064576393648,2.8213548587978825,0.015266060226615252,-0.07639387418241217,-8.335720982687752,0.003897876061725869,18.384632572010506,17.79180832043418,0,1,0,0.9444183898972114
2026-07-16,VXUS,0.7048540936894443,2.3495136456314807,-0.14155236394992055,-0.16736696449463073,-8.774916882640612,-0.01094246768503837,17.828989094454748,-8.93200849967965,0,1,0,0.9675848568099221
2026-07-17,VXUS,0.7080357288805073,2.360119096268358,0.0031816351910629592,-0.21433582177236565,-8.93604387674333,-0.008208361076036952,17.960169696247068,-12.697271648819303,0,1,0,1.0989843330497517
2026-07-20,VXUS,0.6765109522730295,2.2550365075767647,-0.03152477660747777,-0.008874967119715249,-8.541747561997278,-0.003598453183091821,17.92125990322587,-5.068466321393833,0,1,0,0.8987261292682791
2026-07-21,VXUS,0.8710330186166959,2.9034433953889867,0.19452206634366642,0.03989262120394632,-7.5061681758569865,0.016612462483299506,18.78433621919896,2.358809375991207,0,1,0,0.9701945163677339
2026-07-22,VXUS,0.9073263488715899,3.0244211629052997,0.03629333025489401,0.060919891232225076,-5.68104466917897,0.00011843856236715133,18.71870859614643,1.0779579736370406,0,1,0,1.1625208047622182
2026-07-23,VXUS,0.9125417001722425,3.0418056672408085,0.005215351300652538,0.20768760648279816,-5.088609914407883,-0.00994549309727677,15.833474474154787,15.092796355355237,0,1,0,1.250558025537779
2026-07-24,VXUS,0.8484687899989962,2.828229299996654,-0.06407291017324623,0.14043306111848897,-4.732845931873825,-0.0026309640454074135,15.851915755673446,19.135338451965875,0,1,0,1.178792363184722
2026-07-27,VXUS,0.9230873009771601,3.076957669923867,0.07461851097816385,0.2465763487041306,-3.446759542018241,0.004676251588885405,15.612041511381857,15.929931784177192,0,1,0,1.3395289115670561
2026-07-28,VXUS,0.7372537368683707,2.457512456227902,-0.18583356410878937,-0.1337792817483252,-2.8819078738352655,-0.00644469399244596,15.582195807588558,19.976088553221157,0,1,0,1.2654272249762233
2026-07-29,VXUS,0.8113396369441306,2.7044654564804356,0.07408590007575988,-0.09598671192745933,-2.421603217638133,-0.010330337661880629,15.768060259358908,-4.3372395644243324,0,1,0,1.1743241086865863
2026-07-30,VXUS,1.1175444826059922,3.725148275353307,0.30620484566186157,0.2050027824337497,-0.867879322781993,0.028886967727262736,18.792713390906904,5.654705571407084,0,1,0,1.1453317571695876
